{
"Name": "test3", 
"FileSource": "C:\Users\cimbo\Desktop\test\test.docx", 
"FileTarget": "C:\Users\cimbo\Desktop\test4\test.docx", 
"FileSize": 0, 
"FileTransferTime": 1 
"time": 08/02/2022 15:24:25 
}
{
"Name": "test3", 
"FileSource": "C:\Users\cimbo\Desktop\test\test.xlsx", 
"FileTarget": "C:\Users\cimbo\Desktop\test4\test.xlsx", 
"FileSize": 0, 
"FileTransferTime": 0 
"time": 08/02/2022 15:24:25 
}
{
"Name": "test3", 
"FileSource": "C:\Users\cimbo\Desktop\test\d\Nouveau DOC Document.doc", 
"FileTarget": "C:\Users\cimbo\Desktop\test4\d\Nouveau DOC Document.doc", 
"FileSize": 0, 
"FileTransferTime": 0 
"time": 08/02/2022 15:24:25 
}
{
"Name": "test3", 
"FileSource": "C:\Users\cimbo\Desktop\test\dest10\test.docx", 
"FileTarget": "C:\Users\cimbo\Desktop\test4\dest10\test.docx", 
"FileSize": 0, 
"FileTransferTime": 0 
"time": 08/02/2022 15:24:25 
}
{
"Name": "test3", 
"FileSource": "C:\Users\cimbo\Desktop\test\dest10\test.xlsx", 
"FileTarget": "C:\Users\cimbo\Desktop\test4\dest10\test.xlsx", 
"FileSize": 0, 
"FileTransferTime": 0 
"time": 08/02/2022 15:24:25 
}
{
"Name": "test3", 
"FileSource": "C:\Users\cimbo\Desktop\test\dest4\test.docx", 
"FileTarget": "C:\Users\cimbo\Desktop\test4\dest4\test.docx", 
"FileSize": 0, 
"FileTransferTime": 0 
"time": 08/02/2022 15:24:25 
}
{
"Name": "test3", 
"FileSource": "C:\Users\cimbo\Desktop\test\dest4\test.xlsx", 
"FileTarget": "C:\Users\cimbo\Desktop\test4\dest4\test.xlsx", 
"FileSize": 0, 
"FileTransferTime": 1 
"time": 08/02/2022 15:24:25 
}
{
"Name": "test3", 
"FileSource": "C:\Users\cimbo\Desktop\test\dest6\test.docx", 
"FileTarget": "C:\Users\cimbo\Desktop\test4\dest6\test.docx", 
"FileSize": 0, 
"FileTransferTime": 0 
"time": 08/02/2022 15:24:25 
}
{
"Name": "test3", 
"FileSource": "C:\Users\cimbo\Desktop\test\dest6\test.xlsx", 
"FileTarget": "C:\Users\cimbo\Desktop\test4\dest6\test.xlsx", 
"FileSize": 0, 
"FileTransferTime": 0 
"time": 08/02/2022 15:24:25 
}
{
"Name": "test3", 
"FileSource": "C:\Users\cimbo\Desktop\test\dest7\test.docx", 
"FileTarget": "C:\Users\cimbo\Desktop\test4\dest7\test.docx", 
"FileSize": 0, 
"FileTransferTime": 0 
"time": 08/02/2022 15:24:25 
}
{
"Name": "test3", 
"FileSource": "C:\Users\cimbo\Desktop\test\dest7\test.xlsx", 
"FileTarget": "C:\Users\cimbo\Desktop\test4\dest7\test.xlsx", 
"FileSize": 0, 
"FileTransferTime": 0 
"time": 08/02/2022 15:24:25 
}
{
"Name": "test3", 
"FileSource": "C:\Users\cimbo\Desktop\test\test2\test.docx", 
"FileTarget": "C:\Users\cimbo\Desktop\test4\test2\test.docx", 
"FileSize": 0, 
"FileTransferTime": 0 
"time": 08/02/2022 15:24:25 
}
{
"Name": "test3", 
"FileSource": "C:\Users\cimbo\Desktop\test\test2\test.xlsx", 
"FileTarget": "C:\Users\cimbo\Desktop\test4\test2\test.xlsx", 
"FileSize": 0, 
"FileTransferTime": 1 
"time": 08/02/2022 15:24:26 
}
{
"Name": "test3", 
"FileSource": "C:\Users\cimbo\Desktop\test\dest10\d\Nouveau DOC Document.doc", 
"FileTarget": "C:\Users\cimbo\Desktop\test4\dest10\d\Nouveau DOC Document.doc", 
"FileSize": 0, 
"FileTransferTime": 0 
"time": 08/02/2022 15:24:26 
}
{
"Name": "test3", 
"FileSource": "C:\Users\cimbo\Desktop\test\dest10\test2\test.docx", 
"FileTarget": "C:\Users\cimbo\Desktop\test4\dest10\test2\test.docx", 
"FileSize": 0, 
"FileTransferTime": 0 
"time": 08/02/2022 15:24:26 
}
{
"Name": "test3", 
"FileSource": "C:\Users\cimbo\Desktop\test\dest4\d\Nouveau DOC Document.doc", 
"FileTarget": "C:\Users\cimbo\Desktop\test4\dest4\d\Nouveau DOC Document.doc", 
"FileSize": 0, 
"FileTransferTime": 0 
"time": 08/02/2022 15:24:26 
}
{
"Name": "test3", 
"FileSource": "C:\Users\cimbo\Desktop\test\dest4\test2\test.docx", 
"FileTarget": "C:\Users\cimbo\Desktop\test4\dest4\test2\test.docx", 
"FileSize": 0, 
"FileTransferTime": 1 
"time": 08/02/2022 15:24:26 
}
{
"Name": "test3", 
"FileSource": "C:\Users\cimbo\Desktop\test\dest6\d\Nouveau DOC Document.doc", 
"FileTarget": "C:\Users\cimbo\Desktop\test4\dest6\d\Nouveau DOC Document.doc", 
"FileSize": 0, 
"FileTransferTime": 0 
"time": 08/02/2022 15:24:26 
}
{
"Name": "test3", 
"FileSource": "C:\Users\cimbo\Desktop\test\dest6\test2\test.docx", 
"FileTarget": "C:\Users\cimbo\Desktop\test4\dest6\test2\test.docx", 
"FileSize": 0, 
"FileTransferTime": 1 
"time": 08/02/2022 15:24:26 
}
{
"Name": "test3", 
"FileSource": "C:\Users\cimbo\Desktop\test\dest7\d\Nouveau DOC Document.doc", 
"FileTarget": "C:\Users\cimbo\Desktop\test4\dest7\d\Nouveau DOC Document.doc", 
"FileSize": 0, 
"FileTransferTime": 0 
"time": 08/02/2022 15:24:26 
}
{
"Name": "test3", 
"FileSource": "C:\Users\cimbo\Desktop\test\dest7\test2\test.docx", 
"FileTarget": "C:\Users\cimbo\Desktop\test4\dest7\test2\test.docx", 
"FileSize": 0, 
"FileTransferTime": 0 
"time": 08/02/2022 15:24:26 
}
{
"Name": "test3", 
"FileSource": "C:\Users\cimbo\Desktop\test\test2\d\Nouveau DOC Document.doc", 
"FileTarget": "C:\Users\cimbo\Desktop\test4\test2\d\Nouveau DOC Document.doc", 
"FileSize": 0, 
"FileTransferTime": 0 
"time": 08/02/2022 15:24:26 
}
{
"Name": "test3", 
"FileSource": "C:\Users\cimbo\Desktop\test\test2\r\Nouveau Microsoft Word 97 - 2003 Template.dot", 
"FileTarget": "C:\Users\cimbo\Desktop\test4\test2\r\Nouveau Microsoft Word 97 - 2003 Template.dot", 
"FileSize": 0, 
"FileTransferTime": 1 
"time": 08/02/2022 15:24:26 
}
{
"Name": "test3", 
"FileSource": "C:\Users\cimbo\Desktop\test\test2\test2\test.docx", 
"FileTarget": "C:\Users\cimbo\Desktop\test4\test2\test2\test.docx", 
"FileSize": 0, 
"FileTransferTime": 0 
"time": 08/02/2022 15:24:26 
}
{
"Name": "test3", 
"FileSource": "C:\Users\cimbo\Desktop\test\dest10\test2\r\Nouveau Microsoft Word 97 - 2003 Template.dot", 
"FileTarget": "C:\Users\cimbo\Desktop\test4\dest10\test2\r\Nouveau Microsoft Word 97 - 2003 Template.dot", 
"FileSize": 0, 
"FileTransferTime": 0 
"time": 08/02/2022 15:24:26 
}
{
"Name": "test3", 
"FileSource": "C:\Users\cimbo\Desktop\test\dest4\test2\r\Nouveau Microsoft Word 97 - 2003 Template.dot", 
"FileTarget": "C:\Users\cimbo\Desktop\test4\dest4\test2\r\Nouveau Microsoft Word 97 - 2003 Template.dot", 
"FileSize": 0, 
"FileTransferTime": 0 
"time": 08/02/2022 15:24:26 
}
{
"Name": "test3", 
"FileSource": "C:\Users\cimbo\Desktop\test\dest6\test2\r\Nouveau Microsoft Word 97 - 2003 Template.dot", 
"FileTarget": "C:\Users\cimbo\Desktop\test4\dest6\test2\r\Nouveau Microsoft Word 97 - 2003 Template.dot", 
"FileSize": 0, 
"FileTransferTime": 0 
"time": 08/02/2022 15:24:26 
}
{
"Name": "test3", 
"FileSource": "C:\Users\cimbo\Desktop\test\dest7\test2\r\Nouveau Microsoft Word 97 - 2003 Template.dot", 
"FileTarget": "C:\Users\cimbo\Desktop\test4\dest7\test2\r\Nouveau Microsoft Word 97 - 2003 Template.dot", 
"FileSize": 0, 
"FileTransferTime": 0 
"time": 08/02/2022 15:24:26 
}
{
"Name": "test3", 
"FileSource": "C:\Users\cimbo\Desktop\test\test2\test2\r\Nouveau Microsoft Word 97 - 2003 Template.dot", 
"FileTarget": "C:\Users\cimbo\Desktop\test4\test2\test2\r\Nouveau Microsoft Word 97 - 2003 Template.dot", 
"FileSize": 0, 
"FileTransferTime": 0 
"time": 08/02/2022 15:24:26 
}
{
"Name": "tahsin", 
"FileSource": "C:\Users\cimbo\Desktop\test\test.doc", 
"FileTarget": "C:\Users\cimbo\Desktop\test2\test.doc", 
"FileSize": 33290, 
"FileTransferTime": 24 
"time": 10/02/2022 22:38:11 
}
{
"Name": "tahsin", 
"FileSource": "C:\Users\cimbo\Desktop\test\test.docx", 
"FileTarget": "C:\Users\cimbo\Desktop\test2\test.docx", 
"FileSize": 25272, 
"FileTransferTime": 2 
"time": 10/02/2022 22:38:11 
}
{
"Name": "tahsin", 
"FileSource": "C:\Users\cimbo\Desktop\test\test.txt", 
"FileTarget": "C:\Users\cimbo\Desktop\test2\test.txt", 
"FileSize": 15, 
"FileTransferTime": 8 
"time": 10/02/2022 22:38:11 
}
{
"Name": "tahsin", 
"FileSource": "C:\Users\cimbo\Desktop\test\test.xlsx", 
"FileTarget": "C:\Users\cimbo\Desktop\test2\test.xlsx", 
"FileSize": 0, 
"FileTransferTime": 1 
"time": 10/02/2022 22:38:11 
}
{
"Name": "tahsin", 
"FileSource": "C:\Users\cimbo\Desktop\test\d\Nouveau DOC Document.doc", 
"FileTarget": "C:\Users\cimbo\Desktop\test2\d\Nouveau DOC Document.doc", 
"FileSize": 0, 
"FileTransferTime": 1 
"time": 10/02/2022 22:38:11 
}
{
"Name": "tahsin", 
"FileSource": "C:\Users\cimbo\Desktop\test\dest10\test.docx", 
"FileTarget": "C:\Users\cimbo\Desktop\test2\dest10\test.docx", 
"FileSize": 0, 
"FileTransferTime": 1 
"time": 10/02/2022 22:38:11 
}
{
"Name": "tahsin", 
"FileSource": "C:\Users\cimbo\Desktop\test\dest10\test.xlsx", 
"FileTarget": "C:\Users\cimbo\Desktop\test2\dest10\test.xlsx", 
"FileSize": 0, 
"FileTransferTime": 1 
"time": 10/02/2022 22:38:11 
}
{
"Name": "tahsin", 
"FileSource": "C:\Users\cimbo\Desktop\test\dest4\test.docx", 
"FileTarget": "C:\Users\cimbo\Desktop\test2\dest4\test.docx", 
"FileSize": 0, 
"FileTransferTime": 1 
"time": 10/02/2022 22:38:11 
}
{
"Name": "tahsin", 
"FileSource": "C:\Users\cimbo\Desktop\test\dest4\test.xlsx", 
"FileTarget": "C:\Users\cimbo\Desktop\test2\dest4\test.xlsx", 
"FileSize": 0, 
"FileTransferTime": 0 
"time": 10/02/2022 22:38:11 
}
{
"Name": "tahsin", 
"FileSource": "C:\Users\cimbo\Desktop\test\dest6\test.docx", 
"FileTarget": "C:\Users\cimbo\Desktop\test2\dest6\test.docx", 
"FileSize": 0, 
"FileTransferTime": 1 
"time": 10/02/2022 22:38:11 
}
{
"Name": "tahsin", 
"FileSource": "C:\Users\cimbo\Desktop\test\dest6\test.xlsx", 
"FileTarget": "C:\Users\cimbo\Desktop\test2\dest6\test.xlsx", 
"FileSize": 0, 
"FileTransferTime": 1 
"time": 10/02/2022 22:38:11 
}
{
"Name": "tahsin", 
"FileSource": "C:\Users\cimbo\Desktop\test\dest7\test.docx", 
"FileTarget": "C:\Users\cimbo\Desktop\test2\dest7\test.docx", 
"FileSize": 0, 
"FileTransferTime": 1 
"time": 10/02/2022 22:38:11 
}
{
"Name": "tahsin", 
"FileSource": "C:\Users\cimbo\Desktop\test\dest7\test.xlsx", 
"FileTarget": "C:\Users\cimbo\Desktop\test2\dest7\test.xlsx", 
"FileSize": 0, 
"FileTransferTime": 1 
"time": 10/02/2022 22:38:11 
}
{
"Name": "tahsin", 
"FileSource": "C:\Users\cimbo\Desktop\test\test2\test.docx", 
"FileTarget": "C:\Users\cimbo\Desktop\test2\test2\test.docx", 
"FileSize": 0, 
"FileTransferTime": 1 
"time": 10/02/2022 22:38:11 
}
{
"Name": "tahsin", 
"FileSource": "C:\Users\cimbo\Desktop\test\test2\test.xlsx", 
"FileTarget": "C:\Users\cimbo\Desktop\test2\test2\test.xlsx", 
"FileSize": 0, 
"FileTransferTime": 1 
"time": 10/02/2022 22:38:11 
}
{
"Name": "tahsin", 
"FileSource": "C:\Users\cimbo\Desktop\test\dest10\d\Nouveau DOC Document.doc", 
"FileTarget": "C:\Users\cimbo\Desktop\test2\dest10\d\Nouveau DOC Document.doc", 
"FileSize": 0, 
"FileTransferTime": 0 
"time": 10/02/2022 22:38:11 
}
{
"Name": "tahsin", 
"FileSource": "C:\Users\cimbo\Desktop\test\dest10\test2\test.docx", 
"FileTarget": "C:\Users\cimbo\Desktop\test2\dest10\test2\test.docx", 
"FileSize": 0, 
"FileTransferTime": 0 
"time": 10/02/2022 22:38:11 
}
{
"Name": "tahsin", 
"FileSource": "C:\Users\cimbo\Desktop\test\dest4\d\Nouveau DOC Document.doc", 
"FileTarget": "C:\Users\cimbo\Desktop\test2\dest4\d\Nouveau DOC Document.doc", 
"FileSize": 0, 
"FileTransferTime": 1 
"time": 10/02/2022 22:38:11 
}
{
"Name": "tahsin", 
"FileSource": "C:\Users\cimbo\Desktop\test\dest4\test2\test.docx", 
"FileTarget": "C:\Users\cimbo\Desktop\test2\dest4\test2\test.docx", 
"FileSize": 0, 
"FileTransferTime": 0 
"time": 10/02/2022 22:38:11 
}
{
"Name": "tahsin", 
"FileSource": "C:\Users\cimbo\Desktop\test\dest6\d\Nouveau DOC Document.doc", 
"FileTarget": "C:\Users\cimbo\Desktop\test2\dest6\d\Nouveau DOC Document.doc", 
"FileSize": 0, 
"FileTransferTime": 1 
"time": 10/02/2022 22:38:11 
}
{
"Name": "tahsin", 
"FileSource": "C:\Users\cimbo\Desktop\test\dest6\test2\test.docx", 
"FileTarget": "C:\Users\cimbo\Desktop\test2\dest6\test2\test.docx", 
"FileSize": 0, 
"FileTransferTime": 0 
"time": 10/02/2022 22:38:11 
}
{
"Name": "tahsin", 
"FileSource": "C:\Users\cimbo\Desktop\test\dest7\d\Nouveau DOC Document.doc", 
"FileTarget": "C:\Users\cimbo\Desktop\test2\dest7\d\Nouveau DOC Document.doc", 
"FileSize": 0, 
"FileTransferTime": 0 
"time": 10/02/2022 22:38:11 
}
{
"Name": "tahsin", 
"FileSource": "C:\Users\cimbo\Desktop\test\dest7\test2\test.docx", 
"FileTarget": "C:\Users\cimbo\Desktop\test2\dest7\test2\test.docx", 
"FileSize": 0, 
"FileTransferTime": 0 
"time": 10/02/2022 22:38:11 
}
{
"Name": "tahsin", 
"FileSource": "C:\Users\cimbo\Desktop\test\test2\d\Nouveau DOC Document.doc", 
"FileTarget": "C:\Users\cimbo\Desktop\test2\test2\d\Nouveau DOC Document.doc", 
"FileSize": 0, 
"FileTransferTime": 0 
"time": 10/02/2022 22:38:11 
}
{
"Name": "tahsin", 
"FileSource": "C:\Users\cimbo\Desktop\test\test2\r\Nouveau Microsoft Word 97 - 2003 Template.dot", 
"FileTarget": "C:\Users\cimbo\Desktop\test2\test2\r\Nouveau Microsoft Word 97 - 2003 Template.dot", 
"FileSize": 0, 
"FileTransferTime": 1 
"time": 10/02/2022 22:38:11 
}
{
"Name": "tahsin", 
"FileSource": "C:\Users\cimbo\Desktop\test\test2\test2\test.docx", 
"FileTarget": "C:\Users\cimbo\Desktop\test2\test2\test2\test.docx", 
"FileSize": 0, 
"FileTransferTime": 0 
"time": 10/02/2022 22:38:11 
}
{
"Name": "tahsin", 
"FileSource": "C:\Users\cimbo\Desktop\test\dest10\test2\r\Nouveau Microsoft Word 97 - 2003 Template.dot", 
"FileTarget": "C:\Users\cimbo\Desktop\test2\dest10\test2\r\Nouveau Microsoft Word 97 - 2003 Template.dot", 
"FileSize": 0, 
"FileTransferTime": 0 
"time": 10/02/2022 22:38:11 
}
{
"Name": "tahsin", 
"FileSource": "C:\Users\cimbo\Desktop\test\dest4\test2\r\Nouveau Microsoft Word 97 - 2003 Template.dot", 
"FileTarget": "C:\Users\cimbo\Desktop\test2\dest4\test2\r\Nouveau Microsoft Word 97 - 2003 Template.dot", 
"FileSize": 0, 
"FileTransferTime": 1 
"time": 10/02/2022 22:38:11 
}
{
"Name": "tahsin", 
"FileSource": "C:\Users\cimbo\Desktop\test\dest6\test2\r\Nouveau Microsoft Word 97 - 2003 Template.dot", 
"FileTarget": "C:\Users\cimbo\Desktop\test2\dest6\test2\r\Nouveau Microsoft Word 97 - 2003 Template.dot", 
"FileSize": 0, 
"FileTransferTime": 0 
"time": 10/02/2022 22:38:11 
}
{
"Name": "tahsin", 
"FileSource": "C:\Users\cimbo\Desktop\test\dest7\test2\r\Nouveau Microsoft Word 97 - 2003 Template.dot", 
"FileTarget": "C:\Users\cimbo\Desktop\test2\dest7\test2\r\Nouveau Microsoft Word 97 - 2003 Template.dot", 
"FileSize": 0, 
"FileTransferTime": 0 
"time": 10/02/2022 22:38:11 
}
{
"Name": "tahsin", 
"FileSource": "C:\Users\cimbo\Desktop\test\test2\test2\r\Nouveau Microsoft Word 97 - 2003 Template.dot", 
"FileTarget": "C:\Users\cimbo\Desktop\test2\test2\test2\r\Nouveau Microsoft Word 97 - 2003 Template.dot", 
"FileSize": 0, 
"FileTransferTime": 0 
"time": 10/02/2022 22:38:11 
}
{
"Name": "test", 
"FileSource": "C:\Users\cimbo\Desktop\test\test.doc", 
"FileTarget": "C:\Users\cimbo\Desktop\test51\test.doc", 
"FileSize": 33290, 
"FileTransferTime": 1 
"time": 11/02/2022 00:14:41 
}
{
"Name": "test", 
"FileSource": "C:\Users\cimbo\Desktop\test\test.docx", 
"FileTarget": "C:\Users\cimbo\Desktop\test51\test.docx", 
"FileSize": 25272, 
"FileTransferTime": 24 
"time": 11/02/2022 00:14:41 
}
{
"Name": "test", 
"FileSource": "C:\Users\cimbo\Desktop\test\test.txt", 
"FileTarget": "C:\Users\cimbo\Desktop\test51\test.txt", 
"FileSize": 15, 
"FileTransferTime": 0 
"time": 11/02/2022 00:14:41 
}
{
"Name": "test", 
"FileSource": "C:\Users\cimbo\Desktop\test\test.xlsx", 
"FileTarget": "C:\Users\cimbo\Desktop\test51\test.xlsx", 
"FileSize": 0, 
"FileTransferTime": 0 
"time": 11/02/2022 00:14:41 
}
{
"Name": "test", 
"FileSource": "C:\Users\cimbo\Desktop\test\d\Nouveau DOC Document.doc", 
"FileTarget": "C:\Users\cimbo\Desktop\test51\d\Nouveau DOC Document.doc", 
"FileSize": 0, 
"FileTransferTime": 0 
"time": 11/02/2022 00:14:41 
}
{
"Name": "test", 
"FileSource": "C:\Users\cimbo\Desktop\test\dest10\test.docx", 
"FileTarget": "C:\Users\cimbo\Desktop\test51\dest10\test.docx", 
"FileSize": 0, 
"FileTransferTime": 1 
"time": 11/02/2022 00:14:41 
}
{
"Name": "test", 
"FileSource": "C:\Users\cimbo\Desktop\test\dest10\test.xlsx", 
"FileTarget": "C:\Users\cimbo\Desktop\test51\dest10\test.xlsx", 
"FileSize": 0, 
"FileTransferTime": 0 
"time": 11/02/2022 00:14:41 
}
{
"Name": "test", 
"FileSource": "C:\Users\cimbo\Desktop\test\dest4\test.docx", 
"FileTarget": "C:\Users\cimbo\Desktop\test51\dest4\test.docx", 
"FileSize": 0, 
"FileTransferTime": 1 
"time": 11/02/2022 00:14:41 
}
{
"Name": "test", 
"FileSource": "C:\Users\cimbo\Desktop\test\dest4\test.xlsx", 
"FileTarget": "C:\Users\cimbo\Desktop\test51\dest4\test.xlsx", 
"FileSize": 0, 
"FileTransferTime": 1 
"time": 11/02/2022 00:14:41 
}
{
"Name": "test", 
"FileSource": "C:\Users\cimbo\Desktop\test\dest6\test.docx", 
"FileTarget": "C:\Users\cimbo\Desktop\test51\dest6\test.docx", 
"FileSize": 0, 
"FileTransferTime": 0 
"time": 11/02/2022 00:14:41 
}
{
"Name": "test", 
"FileSource": "C:\Users\cimbo\Desktop\test\dest6\test.xlsx", 
"FileTarget": "C:\Users\cimbo\Desktop\test51\dest6\test.xlsx", 
"FileSize": 0, 
"FileTransferTime": 1 
"time": 11/02/2022 00:14:41 
}
{
"Name": "test", 
"FileSource": "C:\Users\cimbo\Desktop\test\dest7\test.docx", 
"FileTarget": "C:\Users\cimbo\Desktop\test51\dest7\test.docx", 
"FileSize": 0, 
"FileTransferTime": 1 
"time": 11/02/2022 00:14:41 
}
{
"Name": "test", 
"FileSource": "C:\Users\cimbo\Desktop\test\dest7\test.xlsx", 
"FileTarget": "C:\Users\cimbo\Desktop\test51\dest7\test.xlsx", 
"FileSize": 0, 
"FileTransferTime": 1 
"time": 11/02/2022 00:14:41 
}
{
"Name": "test", 
"FileSource": "C:\Users\cimbo\Desktop\test\test2\test.docx", 
"FileTarget": "C:\Users\cimbo\Desktop\test51\test2\test.docx", 
"FileSize": 0, 
"FileTransferTime": 0 
"time": 11/02/2022 00:14:41 
}
{
"Name": "test", 
"FileSource": "C:\Users\cimbo\Desktop\test\test2\test.xlsx", 
"FileTarget": "C:\Users\cimbo\Desktop\test51\test2\test.xlsx", 
"FileSize": 0, 
"FileTransferTime": 2 
"time": 11/02/2022 00:14:41 
}
{
"Name": "test", 
"FileSource": "C:\Users\cimbo\Desktop\test\dest10\d\Nouveau DOC Document.doc", 
"FileTarget": "C:\Users\cimbo\Desktop\test51\dest10\d\Nouveau DOC Document.doc", 
"FileSize": 0, 
"FileTransferTime": 1 
"time": 11/02/2022 00:14:41 
}
{
"Name": "test", 
"FileSource": "C:\Users\cimbo\Desktop\test\dest10\test2\test.docx", 
"FileTarget": "C:\Users\cimbo\Desktop\test51\dest10\test2\test.docx", 
"FileSize": 0, 
"FileTransferTime": 1 
"time": 11/02/2022 00:14:41 
}
{
"Name": "test", 
"FileSource": "C:\Users\cimbo\Desktop\test\dest4\d\Nouveau DOC Document.doc", 
"FileTarget": "C:\Users\cimbo\Desktop\test51\dest4\d\Nouveau DOC Document.doc", 
"FileSize": 0, 
"FileTransferTime": 0 
"time": 11/02/2022 00:14:41 
}
{
"Name": "test", 
"FileSource": "C:\Users\cimbo\Desktop\test\dest4\test2\test.docx", 
"FileTarget": "C:\Users\cimbo\Desktop\test51\dest4\test2\test.docx", 
"FileSize": 0, 
"FileTransferTime": 1 
"time": 11/02/2022 00:14:41 
}
{
"Name": "test", 
"FileSource": "C:\Users\cimbo\Desktop\test\dest6\d\Nouveau DOC Document.doc", 
"FileTarget": "C:\Users\cimbo\Desktop\test51\dest6\d\Nouveau DOC Document.doc", 
"FileSize": 0, 
"FileTransferTime": 1 
"time": 11/02/2022 00:14:41 
}
{
"Name": "test", 
"FileSource": "C:\Users\cimbo\Desktop\test\dest6\test2\test.docx", 
"FileTarget": "C:\Users\cimbo\Desktop\test51\dest6\test2\test.docx", 
"FileSize": 0, 
"FileTransferTime": 0 
"time": 11/02/2022 00:14:41 
}
{
"Name": "test", 
"FileSource": "C:\Users\cimbo\Desktop\test\dest7\d\Nouveau DOC Document.doc", 
"FileTarget": "C:\Users\cimbo\Desktop\test51\dest7\d\Nouveau DOC Document.doc", 
"FileSize": 0, 
"FileTransferTime": 0 
"time": 11/02/2022 00:14:41 
}
{
"Name": "test", 
"FileSource": "C:\Users\cimbo\Desktop\test\dest7\test2\test.docx", 
"FileTarget": "C:\Users\cimbo\Desktop\test51\dest7\test2\test.docx", 
"FileSize": 0, 
"FileTransferTime": 0 
"time": 11/02/2022 00:14:41 
}
{
"Name": "test", 
"FileSource": "C:\Users\cimbo\Desktop\test\test2\d\Nouveau DOC Document.doc", 
"FileTarget": "C:\Users\cimbo\Desktop\test51\test2\d\Nouveau DOC Document.doc", 
"FileSize": 0, 
"FileTransferTime": 1 
"time": 11/02/2022 00:14:41 
}
{
"Name": "test", 
"FileSource": "C:\Users\cimbo\Desktop\test\test2\r\Nouveau Microsoft Word 97 - 2003 Template.dot", 
"FileTarget": "C:\Users\cimbo\Desktop\test51\test2\r\Nouveau Microsoft Word 97 - 2003 Template.dot", 
"FileSize": 0, 
"FileTransferTime": 0 
"time": 11/02/2022 00:14:41 
}
{
"Name": "test", 
"FileSource": "C:\Users\cimbo\Desktop\test\test2\test2\test.docx", 
"FileTarget": "C:\Users\cimbo\Desktop\test51\test2\test2\test.docx", 
"FileSize": 0, 
"FileTransferTime": 1 
"time": 11/02/2022 00:14:41 
}
{
"Name": "test", 
"FileSource": "C:\Users\cimbo\Desktop\test\dest10\test2\r\Nouveau Microsoft Word 97 - 2003 Template.dot", 
"FileTarget": "C:\Users\cimbo\Desktop\test51\dest10\test2\r\Nouveau Microsoft Word 97 - 2003 Template.dot", 
"FileSize": 0, 
"FileTransferTime": 1 
"time": 11/02/2022 00:14:41 
}
{
"Name": "test", 
"FileSource": "C:\Users\cimbo\Desktop\test\dest4\test2\r\Nouveau Microsoft Word 97 - 2003 Template.dot", 
"FileTarget": "C:\Users\cimbo\Desktop\test51\dest4\test2\r\Nouveau Microsoft Word 97 - 2003 Template.dot", 
"FileSize": 0, 
"FileTransferTime": 1 
"time": 11/02/2022 00:14:41 
}
{
"Name": "test", 
"FileSource": "C:\Users\cimbo\Desktop\test\dest6\test2\r\Nouveau Microsoft Word 97 - 2003 Template.dot", 
"FileTarget": "C:\Users\cimbo\Desktop\test51\dest6\test2\r\Nouveau Microsoft Word 97 - 2003 Template.dot", 
"FileSize": 0, 
"FileTransferTime": 0 
"time": 11/02/2022 00:14:41 
}
{
"Name": "test", 
"FileSource": "C:\Users\cimbo\Desktop\test\test.doc", 
"FileTarget": "C:\Users\cimbo\Desktop\test51\test.doc", 
"FileSize": 33290, 
"FileTransferTime": 2 
"time": 11/02/2022 00:20:30 
}
{
"Name": "test", 
"FileSource": "C:\Users\cimbo\Desktop\test\test.docx", 
"FileTarget": "C:\Users\cimbo\Desktop\test51\test.docx", 
"FileSize": 25272, 
"FileTransferTime": 1 
"time": 11/02/2022 00:20:30 
}
{
"Name": "test", 
"FileSource": "C:\Users\cimbo\Desktop\test\test.txt", 
"FileTarget": "C:\Users\cimbo\Desktop\test51\test.txt", 
"FileSize": 15, 
"FileTransferTime": 0 
"time": 11/02/2022 00:20:30 
}
{
"Name": "test", 
"FileSource": "C:\Users\cimbo\Desktop\test\test.xlsx", 
"FileTarget": "C:\Users\cimbo\Desktop\test51\test.xlsx", 
"FileSize": 0, 
"FileTransferTime": 0 
"time": 11/02/2022 00:20:30 
}
{
"Name": "test", 
"FileSource": "C:\Users\cimbo\Desktop\test\d\Nouveau DOC Document.doc", 
"FileTarget": "C:\Users\cimbo\Desktop\test51\d\Nouveau DOC Document.doc", 
"FileSize": 0, 
"FileTransferTime": 0 
"time": 11/02/2022 00:20:30 
}
{
"Name": "test", 
"FileSource": "C:\Users\cimbo\Desktop\test\dest10\test.docx", 
"FileTarget": "C:\Users\cimbo\Desktop\test51\dest10\test.docx", 
"FileSize": 0, 
"FileTransferTime": 0 
"time": 11/02/2022 00:20:30 
}
{
"Name": "test", 
"FileSource": "C:\Users\cimbo\Desktop\test\dest10\test.xlsx", 
"FileTarget": "C:\Users\cimbo\Desktop\test51\dest10\test.xlsx", 
"FileSize": 0, 
"FileTransferTime": 0 
"time": 11/02/2022 00:20:30 
}
{
"Name": "test", 
"FileSource": "C:\Users\cimbo\Desktop\test\dest4\test.docx", 
"FileTarget": "C:\Users\cimbo\Desktop\test51\dest4\test.docx", 
"FileSize": 0, 
"FileTransferTime": 0 
"time": 11/02/2022 00:20:30 
}
{
"Name": "test", 
"FileSource": "C:\Users\cimbo\Desktop\test\dest4\test.xlsx", 
"FileTarget": "C:\Users\cimbo\Desktop\test51\dest4\test.xlsx", 
"FileSize": 0, 
"FileTransferTime": 0 
"time": 11/02/2022 00:20:30 
}
{
"Name": "test", 
"FileSource": "C:\Users\cimbo\Desktop\test\dest6\test.docx", 
"FileTarget": "C:\Users\cimbo\Desktop\test51\dest6\test.docx", 
"FileSize": 0, 
"FileTransferTime": 0 
"time": 11/02/2022 00:20:30 
}
{
"Name": "test", 
"FileSource": "C:\Users\cimbo\Desktop\test\dest6\test.xlsx", 
"FileTarget": "C:\Users\cimbo\Desktop\test51\dest6\test.xlsx", 
"FileSize": 0, 
"FileTransferTime": 0 
"time": 11/02/2022 00:20:30 
}
{
"Name": "test", 
"FileSource": "C:\Users\cimbo\Desktop\test\dest7\test.docx", 
"FileTarget": "C:\Users\cimbo\Desktop\test51\dest7\test.docx", 
"FileSize": 0, 
"FileTransferTime": 0 
"time": 11/02/2022 00:20:30 
}
{
"Name": "test", 
"FileSource": "C:\Users\cimbo\Desktop\test\dest7\test.xlsx", 
"FileTarget": "C:\Users\cimbo\Desktop\test51\dest7\test.xlsx", 
"FileSize": 0, 
"FileTransferTime": 0 
"time": 11/02/2022 00:20:30 
}
{
"Name": "test", 
"FileSource": "C:\Users\cimbo\Desktop\test\test2\test.docx", 
"FileTarget": "C:\Users\cimbo\Desktop\test51\test2\test.docx", 
"FileSize": 0, 
"FileTransferTime": 0 
"time": 11/02/2022 00:20:30 
}
{
"Name": "test", 
"FileSource": "C:\Users\cimbo\Desktop\test\test2\test.xlsx", 
"FileTarget": "C:\Users\cimbo\Desktop\test51\test2\test.xlsx", 
"FileSize": 0, 
"FileTransferTime": 0 
"time": 11/02/2022 00:20:30 
}
{
"Name": "test", 
"FileSource": "C:\Users\cimbo\Desktop\test\dest10\d\Nouveau DOC Document.doc", 
"FileTarget": "C:\Users\cimbo\Desktop\test51\dest10\d\Nouveau DOC Document.doc", 
"FileSize": 0, 
"FileTransferTime": 0 
"time": 11/02/2022 00:20:30 
}
{
"Name": "test", 
"FileSource": "C:\Users\cimbo\Desktop\test\dest10\test2\test.docx", 
"FileTarget": "C:\Users\cimbo\Desktop\test51\dest10\test2\test.docx", 
"FileSize": 0, 
"FileTransferTime": 0 
"time": 11/02/2022 00:20:30 
}
{
"Name": "test", 
"FileSource": "C:\Users\cimbo\Desktop\test\dest4\d\Nouveau DOC Document.doc", 
"FileTarget": "C:\Users\cimbo\Desktop\test51\dest4\d\Nouveau DOC Document.doc", 
"FileSize": 0, 
"FileTransferTime": 0 
"time": 11/02/2022 00:20:30 
}
{
"Name": "test", 
"FileSource": "C:\Users\cimbo\Desktop\test\dest4\test2\test.docx", 
"FileTarget": "C:\Users\cimbo\Desktop\test51\dest4\test2\test.docx", 
"FileSize": 0, 
"FileTransferTime": 0 
"time": 11/02/2022 00:20:30 
}
{
"Name": "test", 
"FileSource": "C:\Users\cimbo\Desktop\test\dest6\d\Nouveau DOC Document.doc", 
"FileTarget": "C:\Users\cimbo\Desktop\test51\dest6\d\Nouveau DOC Document.doc", 
"FileSize": 0, 
"FileTransferTime": 0 
"time": 11/02/2022 00:20:30 
}
{
"Name": "test", 
"FileSource": "C:\Users\cimbo\Desktop\test\dest6\test2\test.docx", 
"FileTarget": "C:\Users\cimbo\Desktop\test51\dest6\test2\test.docx", 
"FileSize": 0, 
"FileTransferTime": 0 
"time": 11/02/2022 00:20:30 
}
{
"Name": "test", 
"FileSource": "C:\Users\cimbo\Desktop\test\dest7\d\Nouveau DOC Document.doc", 
"FileTarget": "C:\Users\cimbo\Desktop\test51\dest7\d\Nouveau DOC Document.doc", 
"FileSize": 0, 
"FileTransferTime": 0 
"time": 11/02/2022 00:20:30 
}
{
"Name": "test", 
"FileSource": "C:\Users\cimbo\Desktop\test\dest7\test2\test.docx", 
"FileTarget": "C:\Users\cimbo\Desktop\test51\dest7\test2\test.docx", 
"FileSize": 0, 
"FileTransferTime": 0 
"time": 11/02/2022 00:20:30 
}
{
"Name": "test", 
"FileSource": "C:\Users\cimbo\Desktop\test\test2\d\Nouveau DOC Document.doc", 
"FileTarget": "C:\Users\cimbo\Desktop\test51\test2\d\Nouveau DOC Document.doc", 
"FileSize": 0, 
"FileTransferTime": 0 
"time": 11/02/2022 00:20:30 
}
{
"Name": "test", 
"FileSource": "C:\Users\cimbo\Desktop\test\test2\r\Nouveau Microsoft Word 97 - 2003 Template.dot", 
"FileTarget": "C:\Users\cimbo\Desktop\test51\test2\r\Nouveau Microsoft Word 97 - 2003 Template.dot", 
"FileSize": 0, 
"FileTransferTime": 0 
"time": 11/02/2022 00:20:30 
}
{
"Name": "test", 
"FileSource": "C:\Users\cimbo\Desktop\test\test2\test2\test.docx", 
"FileTarget": "C:\Users\cimbo\Desktop\test51\test2\test2\test.docx", 
"FileSize": 0, 
"FileTransferTime": 0 
"time": 11/02/2022 00:20:30 
}
{
"Name": "test", 
"FileSource": "C:\Users\cimbo\Desktop\test\dest10\test2\r\Nouveau Microsoft Word 97 - 2003 Template.dot", 
"FileTarget": "C:\Users\cimbo\Desktop\test51\dest10\test2\r\Nouveau Microsoft Word 97 - 2003 Template.dot", 
"FileSize": 0, 
"FileTransferTime": 0 
"time": 11/02/2022 00:20:30 
}
{
"Name": "test", 
"FileSource": "C:\Users\cimbo\Desktop\test\dest4\test2\r\Nouveau Microsoft Word 97 - 2003 Template.dot", 
"FileTarget": "C:\Users\cimbo\Desktop\test51\dest4\test2\r\Nouveau Microsoft Word 97 - 2003 Template.dot", 
"FileSize": 0, 
"FileTransferTime": 0 
"time": 11/02/2022 00:20:30 
}
{
"Name": "test", 
"FileSource": "C:\Users\cimbo\Desktop\test\dest6\test2\r\Nouveau Microsoft Word 97 - 2003 Template.dot", 
"FileTarget": "C:\Users\cimbo\Desktop\test51\dest6\test2\r\Nouveau Microsoft Word 97 - 2003 Template.dot", 
"FileSize": 0, 
"FileTransferTime": 0 
"time": 11/02/2022 00:20:30 
}
{
"Name": "test", 
"FileSource": "C:\Users\cimbo\Desktop\test\test.doc", 
"FileTarget": "C:\Users\cimbo\Desktop\test51\test.doc", 
"FileSize": 33290, 
"FileTransferTime": 2 
"time": 11/02/2022 08:54:30 
}
{
"Name": "test", 
"FileSource": "C:\Users\cimbo\Desktop\test\test.docx", 
"FileTarget": "C:\Users\cimbo\Desktop\test51\test.docx", 
"FileSize": 25272, 
"FileTransferTime": 1 
"time": 11/02/2022 08:54:30 
}
{
"Name": "test", 
"FileSource": "C:\Users\cimbo\Desktop\test\test.txt", 
"FileTarget": "C:\Users\cimbo\Desktop\test51\test.txt", 
"FileSize": 15, 
"FileTransferTime": 1 
"time": 11/02/2022 08:54:30 
}
{
"Name": "test", 
"FileSource": "C:\Users\cimbo\Desktop\test\test.xlsx", 
"FileTarget": "C:\Users\cimbo\Desktop\test51\test.xlsx", 
"FileSize": 0, 
"FileTransferTime": 1 
"time": 11/02/2022 08:54:30 
}
{
"Name": "test", 
"FileSource": "C:\Users\cimbo\Desktop\test\d\Nouveau DOC Document.doc", 
"FileTarget": "C:\Users\cimbo\Desktop\test51\d\Nouveau DOC Document.doc", 
"FileSize": 0, 
"FileTransferTime": 1 
"time": 11/02/2022 08:54:30 
}
{
"Name": "test", 
"FileSource": "C:\Users\cimbo\Desktop\test\dest10\test.docx", 
"FileTarget": "C:\Users\cimbo\Desktop\test51\dest10\test.docx", 
"FileSize": 0, 
"FileTransferTime": 0 
"time": 11/02/2022 08:54:30 
}
{
"Name": "test", 
"FileSource": "C:\Users\cimbo\Desktop\test\dest10\test.xlsx", 
"FileTarget": "C:\Users\cimbo\Desktop\test51\dest10\test.xlsx", 
"FileSize": 0, 
"FileTransferTime": 0 
"time": 11/02/2022 08:54:30 
}
{
"Name": "test", 
"FileSource": "C:\Users\cimbo\Desktop\test\dest4\test.docx", 
"FileTarget": "C:\Users\cimbo\Desktop\test51\dest4\test.docx", 
"FileSize": 0, 
"FileTransferTime": 0 
"time": 11/02/2022 08:54:30 
}
{
"Name": "test", 
"FileSource": "C:\Users\cimbo\Desktop\test\dest4\test.xlsx", 
"FileTarget": "C:\Users\cimbo\Desktop\test51\dest4\test.xlsx", 
"FileSize": 0, 
"FileTransferTime": 0 
"time": 11/02/2022 08:54:30 
}
{
"Name": "test", 
"FileSource": "C:\Users\cimbo\Desktop\test\dest6\test.docx", 
"FileTarget": "C:\Users\cimbo\Desktop\test51\dest6\test.docx", 
"FileSize": 0, 
"FileTransferTime": 0 
"time": 11/02/2022 08:54:30 
}
{
"Name": "test", 
"FileSource": "C:\Users\cimbo\Desktop\test\dest6\test.xlsx", 
"FileTarget": "C:\Users\cimbo\Desktop\test51\dest6\test.xlsx", 
"FileSize": 0, 
"FileTransferTime": 0 
"time": 11/02/2022 08:54:30 
}
{
"Name": "test", 
"FileSource": "C:\Users\cimbo\Desktop\test\dest7\test.docx", 
"FileTarget": "C:\Users\cimbo\Desktop\test51\dest7\test.docx", 
"FileSize": 0, 
"FileTransferTime": 0 
"time": 11/02/2022 08:54:30 
}
{
"Name": "test", 
"FileSource": "C:\Users\cimbo\Desktop\test\dest7\test.xlsx", 
"FileTarget": "C:\Users\cimbo\Desktop\test51\dest7\test.xlsx", 
"FileSize": 0, 
"FileTransferTime": 1 
"time": 11/02/2022 08:54:30 
}
{
"Name": "test", 
"FileSource": "C:\Users\cimbo\Desktop\test\test2\test.docx", 
"FileTarget": "C:\Users\cimbo\Desktop\test51\test2\test.docx", 
"FileSize": 0, 
"FileTransferTime": 0 
"time": 11/02/2022 08:54:30 
}
{
"Name": "test", 
"FileSource": "C:\Users\cimbo\Desktop\test\test2\test.xlsx", 
"FileTarget": "C:\Users\cimbo\Desktop\test51\test2\test.xlsx", 
"FileSize": 0, 
"FileTransferTime": 0 
"time": 11/02/2022 08:54:30 
}
{
"Name": "test", 
"FileSource": "C:\Users\cimbo\Desktop\test\dest10\d\Nouveau DOC Document.doc", 
"FileTarget": "C:\Users\cimbo\Desktop\test51\dest10\d\Nouveau DOC Document.doc", 
"FileSize": 0, 
"FileTransferTime": 0 
"time": 11/02/2022 08:54:30 
}
{
"Name": "test", 
"FileSource": "C:\Users\cimbo\Desktop\test\dest10\test2\test.docx", 
"FileTarget": "C:\Users\cimbo\Desktop\test51\dest10\test2\test.docx", 
"FileSize": 0, 
"FileTransferTime": 0 
"time": 11/02/2022 08:54:30 
}
{
"Name": "test", 
"FileSource": "C:\Users\cimbo\Desktop\test\dest4\d\Nouveau DOC Document.doc", 
"FileTarget": "C:\Users\cimbo\Desktop\test51\dest4\d\Nouveau DOC Document.doc", 
"FileSize": 0, 
"FileTransferTime": 0 
"time": 11/02/2022 08:54:30 
}
{
"Name": "test", 
"FileSource": "C:\Users\cimbo\Desktop\test\dest4\test2\test.docx", 
"FileTarget": "C:\Users\cimbo\Desktop\test51\dest4\test2\test.docx", 
"FileSize": 0, 
"FileTransferTime": 0 
"time": 11/02/2022 08:54:30 
}
{
"Name": "test", 
"FileSource": "C:\Users\cimbo\Desktop\test\dest6\d\Nouveau DOC Document.doc", 
"FileTarget": "C:\Users\cimbo\Desktop\test51\dest6\d\Nouveau DOC Document.doc", 
"FileSize": 0, 
"FileTransferTime": 0 
"time": 11/02/2022 08:54:30 
}
{
"Name": "test", 
"FileSource": "C:\Users\cimbo\Desktop\test\dest6\test2\test.docx", 
"FileTarget": "C:\Users\cimbo\Desktop\test51\dest6\test2\test.docx", 
"FileSize": 0, 
"FileTransferTime": 0 
"time": 11/02/2022 08:54:30 
}
{
"Name": "test", 
"FileSource": "C:\Users\cimbo\Desktop\test\dest7\d\Nouveau DOC Document.doc", 
"FileTarget": "C:\Users\cimbo\Desktop\test51\dest7\d\Nouveau DOC Document.doc", 
"FileSize": 0, 
"FileTransferTime": 0 
"time": 11/02/2022 08:54:30 
}
{
"Name": "test", 
"FileSource": "C:\Users\cimbo\Desktop\test\dest7\test2\test.docx", 
"FileTarget": "C:\Users\cimbo\Desktop\test51\dest7\test2\test.docx", 
"FileSize": 0, 
"FileTransferTime": 0 
"time": 11/02/2022 08:54:30 
}
{
"Name": "test", 
"FileSource": "C:\Users\cimbo\Desktop\test\test2\d\Nouveau DOC Document.doc", 
"FileTarget": "C:\Users\cimbo\Desktop\test51\test2\d\Nouveau DOC Document.doc", 
"FileSize": 0, 
"FileTransferTime": 0 
"time": 11/02/2022 08:54:30 
}
{
"Name": "test", 
"FileSource": "C:\Users\cimbo\Desktop\test\test2\r\Nouveau Microsoft Word 97 - 2003 Template.dot", 
"FileTarget": "C:\Users\cimbo\Desktop\test51\test2\r\Nouveau Microsoft Word 97 - 2003 Template.dot", 
"FileSize": 0, 
"FileTransferTime": 0 
"time": 11/02/2022 08:54:30 
}
{
"Name": "test", 
"FileSource": "C:\Users\cimbo\Desktop\test\test2\test2\test.docx", 
"FileTarget": "C:\Users\cimbo\Desktop\test51\test2\test2\test.docx", 
"FileSize": 0, 
"FileTransferTime": 0 
"time": 11/02/2022 08:54:30 
}
{
"Name": "test", 
"FileSource": "C:\Users\cimbo\Desktop\test\dest10\test2\r\Nouveau Microsoft Word 97 - 2003 Template.dot", 
"FileTarget": "C:\Users\cimbo\Desktop\test51\dest10\test2\r\Nouveau Microsoft Word 97 - 2003 Template.dot", 
"FileSize": 0, 
"FileTransferTime": 0 
"time": 11/02/2022 08:54:30 
}
{
"Name": "test", 
"FileSource": "C:\Users\cimbo\Desktop\test\dest4\test2\r\Nouveau Microsoft Word 97 - 2003 Template.dot", 
"FileTarget": "C:\Users\cimbo\Desktop\test51\dest4\test2\r\Nouveau Microsoft Word 97 - 2003 Template.dot", 
"FileSize": 0, 
"FileTransferTime": 0 
"time": 11/02/2022 08:54:30 
}
{
"Name": "test", 
"FileSource": "C:\Users\cimbo\Desktop\test\dest6\test2\r\Nouveau Microsoft Word 97 - 2003 Template.dot", 
"FileTarget": "C:\Users\cimbo\Desktop\test51\dest6\test2\r\Nouveau Microsoft Word 97 - 2003 Template.dot", 
"FileSize": 0, 
"FileTransferTime": 0 
"time": 11/02/2022 08:54:30 
}
{
"Name": "test", 
"FileSource": "C:\Users\cimbo\Desktop\test\test.doc", 
"FileTarget": "C:\Users\cimbo\Desktop\test51\test.doc", 
"FileSize": 33290, 
"FileTransferTime": 2 
"time": 11/02/2022 09:00:24 
}
{
"Name": "test", 
"FileSource": "C:\Users\cimbo\Desktop\test\test.docx", 
"FileTarget": "C:\Users\cimbo\Desktop\test51\test.docx", 
"FileSize": 25272, 
"FileTransferTime": 1 
"time": 11/02/2022 09:00:24 
}
{
"Name": "test", 
"FileSource": "C:\Users\cimbo\Desktop\test\test.txt", 
"FileTarget": "C:\Users\cimbo\Desktop\test51\test.txt", 
"FileSize": 15, 
"FileTransferTime": 1 
"time": 11/02/2022 09:00:24 
}
{
"Name": "test", 
"FileSource": "C:\Users\cimbo\Desktop\test\test.xlsx", 
"FileTarget": "C:\Users\cimbo\Desktop\test51\test.xlsx", 
"FileSize": 0, 
"FileTransferTime": 0 
"time": 11/02/2022 09:00:24 
}
{
"Name": "test", 
"FileSource": "C:\Users\cimbo\Desktop\test\d\Nouveau DOC Document.doc", 
"FileTarget": "C:\Users\cimbo\Desktop\test51\d\Nouveau DOC Document.doc", 
"FileSize": 0, 
"FileTransferTime": 0 
"time": 11/02/2022 09:00:24 
}
{
"Name": "test", 
"FileSource": "C:\Users\cimbo\Desktop\test\dest10\test.docx", 
"FileTarget": "C:\Users\cimbo\Desktop\test51\dest10\test.docx", 
"FileSize": 0, 
"FileTransferTime": 0 
"time": 11/02/2022 09:00:24 
}
{
"Name": "test", 
"FileSource": "C:\Users\cimbo\Desktop\test\dest10\test.xlsx", 
"FileTarget": "C:\Users\cimbo\Desktop\test51\dest10\test.xlsx", 
"FileSize": 0, 
"FileTransferTime": 0 
"time": 11/02/2022 09:00:24 
}
{
"Name": "test", 
"FileSource": "C:\Users\cimbo\Desktop\test\dest4\test.docx", 
"FileTarget": "C:\Users\cimbo\Desktop\test51\dest4\test.docx", 
"FileSize": 0, 
"FileTransferTime": 1 
"time": 11/02/2022 09:00:24 
}
{
"Name": "test", 
"FileSource": "C:\Users\cimbo\Desktop\test\dest4\test.xlsx", 
"FileTarget": "C:\Users\cimbo\Desktop\test51\dest4\test.xlsx", 
"FileSize": 0, 
"FileTransferTime": 1 
"time": 11/02/2022 09:00:24 
}
{
"Name": "test", 
"FileSource": "C:\Users\cimbo\Desktop\test\dest6\test.docx", 
"FileTarget": "C:\Users\cimbo\Desktop\test51\dest6\test.docx", 
"FileSize": 0, 
"FileTransferTime": 0 
"time": 11/02/2022 09:00:24 
}
{
"Name": "test", 
"FileSource": "C:\Users\cimbo\Desktop\test\dest6\test.xlsx", 
"FileTarget": "C:\Users\cimbo\Desktop\test51\dest6\test.xlsx", 
"FileSize": 0, 
"FileTransferTime": 0 
"time": 11/02/2022 09:00:24 
}
{
"Name": "test", 
"FileSource": "C:\Users\cimbo\Desktop\test\dest7\test.docx", 
"FileTarget": "C:\Users\cimbo\Desktop\test51\dest7\test.docx", 
"FileSize": 0, 
"FileTransferTime": 1 
"time": 11/02/2022 09:00:24 
}
{
"Name": "test", 
"FileSource": "C:\Users\cimbo\Desktop\test\dest7\test.xlsx", 
"FileTarget": "C:\Users\cimbo\Desktop\test51\dest7\test.xlsx", 
"FileSize": 0, 
"FileTransferTime": 0 
"time": 11/02/2022 09:00:24 
}
{
"Name": "test", 
"FileSource": "C:\Users\cimbo\Desktop\test\test2\test.docx", 
"FileTarget": "C:\Users\cimbo\Desktop\test51\test2\test.docx", 
"FileSize": 0, 
"FileTransferTime": 1 
"time": 11/02/2022 09:00:24 
}
{
"Name": "test", 
"FileSource": "C:\Users\cimbo\Desktop\test\test2\test.xlsx", 
"FileTarget": "C:\Users\cimbo\Desktop\test51\test2\test.xlsx", 
"FileSize": 0, 
"FileTransferTime": 0 
"time": 11/02/2022 09:00:24 
}
{
"Name": "test", 
"FileSource": "C:\Users\cimbo\Desktop\test\dest10\d\Nouveau DOC Document.doc", 
"FileTarget": "C:\Users\cimbo\Desktop\test51\dest10\d\Nouveau DOC Document.doc", 
"FileSize": 0, 
"FileTransferTime": 0 
"time": 11/02/2022 09:00:24 
}
{
"Name": "test", 
"FileSource": "C:\Users\cimbo\Desktop\test\dest10\test2\test.docx", 
"FileTarget": "C:\Users\cimbo\Desktop\test51\dest10\test2\test.docx", 
"FileSize": 0, 
"FileTransferTime": 0 
"time": 11/02/2022 09:00:24 
}
{
"Name": "test", 
"FileSource": "C:\Users\cimbo\Desktop\test\dest4\d\Nouveau DOC Document.doc", 
"FileTarget": "C:\Users\cimbo\Desktop\test51\dest4\d\Nouveau DOC Document.doc", 
"FileSize": 0, 
"FileTransferTime": 1 
"time": 11/02/2022 09:00:24 
}
{
"Name": "test", 
"FileSource": "C:\Users\cimbo\Desktop\test\dest4\test2\test.docx", 
"FileTarget": "C:\Users\cimbo\Desktop\test51\dest4\test2\test.docx", 
"FileSize": 0, 
"FileTransferTime": 0 
"time": 11/02/2022 09:00:24 
}
{
"Name": "test", 
"FileSource": "C:\Users\cimbo\Desktop\test\dest6\d\Nouveau DOC Document.doc", 
"FileTarget": "C:\Users\cimbo\Desktop\test51\dest6\d\Nouveau DOC Document.doc", 
"FileSize": 0, 
"FileTransferTime": 0 
"time": 11/02/2022 09:00:24 
}
{
"Name": "test", 
"FileSource": "C:\Users\cimbo\Desktop\test\dest6\test2\test.docx", 
"FileTarget": "C:\Users\cimbo\Desktop\test51\dest6\test2\test.docx", 
"FileSize": 0, 
"FileTransferTime": 0 
"time": 11/02/2022 09:00:24 
}
{
"Name": "test", 
"FileSource": "C:\Users\cimbo\Desktop\test\dest7\d\Nouveau DOC Document.doc", 
"FileTarget": "C:\Users\cimbo\Desktop\test51\dest7\d\Nouveau DOC Document.doc", 
"FileSize": 0, 
"FileTransferTime": 0 
"time": 11/02/2022 09:00:24 
}
{
"Name": "test", 
"FileSource": "C:\Users\cimbo\Desktop\test\dest7\test2\test.docx", 
"FileTarget": "C:\Users\cimbo\Desktop\test51\dest7\test2\test.docx", 
"FileSize": 0, 
"FileTransferTime": 0 
"time": 11/02/2022 09:00:24 
}
{
"Name": "test", 
"FileSource": "C:\Users\cimbo\Desktop\test\test2\d\Nouveau DOC Document.doc", 
"FileTarget": "C:\Users\cimbo\Desktop\test51\test2\d\Nouveau DOC Document.doc", 
"FileSize": 0, 
"FileTransferTime": 0 
"time": 11/02/2022 09:00:24 
}
{
"Name": "test", 
"FileSource": "C:\Users\cimbo\Desktop\test\test2\r\Nouveau Microsoft Word 97 - 2003 Template.dot", 
"FileTarget": "C:\Users\cimbo\Desktop\test51\test2\r\Nouveau Microsoft Word 97 - 2003 Template.dot", 
"FileSize": 0, 
"FileTransferTime": 0 
"time": 11/02/2022 09:00:24 
}
{
"Name": "test", 
"FileSource": "C:\Users\cimbo\Desktop\test\test2\test2\test.docx", 
"FileTarget": "C:\Users\cimbo\Desktop\test51\test2\test2\test.docx", 
"FileSize": 0, 
"FileTransferTime": 0 
"time": 11/02/2022 09:00:24 
}
{
"Name": "test", 
"FileSource": "C:\Users\cimbo\Desktop\test\dest10\test2\r\Nouveau Microsoft Word 97 - 2003 Template.dot", 
"FileTarget": "C:\Users\cimbo\Desktop\test51\dest10\test2\r\Nouveau Microsoft Word 97 - 2003 Template.dot", 
"FileSize": 0, 
"FileTransferTime": 1 
"time": 11/02/2022 09:00:24 
}
{
"Name": "test", 
"FileSource": "C:\Users\cimbo\Desktop\test\dest4\test2\r\Nouveau Microsoft Word 97 - 2003 Template.dot", 
"FileTarget": "C:\Users\cimbo\Desktop\test51\dest4\test2\r\Nouveau Microsoft Word 97 - 2003 Template.dot", 
"FileSize": 0, 
"FileTransferTime": 0 
"time": 11/02/2022 09:00:24 
}
{
"Name": "test", 
"FileSource": "C:\Users\cimbo\Desktop\test\dest6\test2\r\Nouveau Microsoft Word 97 - 2003 Template.dot", 
"FileTarget": "C:\Users\cimbo\Desktop\test51\dest6\test2\r\Nouveau Microsoft Word 97 - 2003 Template.dot", 
"FileSize": 0, 
"FileTransferTime": 1 
"time": 11/02/2022 09:00:24 
}
{
"Name": "test", 
"FileSource": "C:\Users\cimbo\Desktop\test\test.doc", 
"FileTarget": "C:\Users\cimbo\Desktop\test51\test.doc", 
"FileSize": 33290, 
"FileTransferTime": 1 
"time": 11/02/2022 09:32:46 
}
{
"Name": "test", 
"FileSource": "C:\Users\cimbo\Desktop\test\test.docx", 
"FileTarget": "C:\Users\cimbo\Desktop\test51\test.docx", 
"FileSize": 25272, 
"FileTransferTime": 0 
"time": 11/02/2022 09:32:46 
}
{
"Name": "test", 
"FileSource": "C:\Users\cimbo\Desktop\test\test.txt", 
"FileTarget": "C:\Users\cimbo\Desktop\test51\test.txt", 
"FileSize": 15, 
"FileTransferTime": 0 
"time": 11/02/2022 09:32:46 
}
{
"Name": "test", 
"FileSource": "C:\Users\cimbo\Desktop\test\test.xlsx", 
"FileTarget": "C:\Users\cimbo\Desktop\test51\test.xlsx", 
"FileSize": 0, 
"FileTransferTime": 0 
"time": 11/02/2022 09:32:46 
}
{
"Name": "test", 
"FileSource": "C:\Users\cimbo\Desktop\test\d\Nouveau DOC Document.doc", 
"FileTarget": "C:\Users\cimbo\Desktop\test51\d\Nouveau DOC Document.doc", 
"FileSize": 0, 
"FileTransferTime": 0 
"time": 11/02/2022 09:32:47 
}
{
"Name": "test", 
"FileSource": "C:\Users\cimbo\Desktop\test\dest10\test.docx", 
"FileTarget": "C:\Users\cimbo\Desktop\test51\dest10\test.docx", 
"FileSize": 0, 
"FileTransferTime": 0 
"time": 11/02/2022 09:32:47 
}
{
"Name": "test", 
"FileSource": "C:\Users\cimbo\Desktop\test\dest10\test.xlsx", 
"FileTarget": "C:\Users\cimbo\Desktop\test51\dest10\test.xlsx", 
"FileSize": 0, 
"FileTransferTime": 0 
"time": 11/02/2022 09:32:47 
}
{
"Name": "test", 
"FileSource": "C:\Users\cimbo\Desktop\test\dest4\test.docx", 
"FileTarget": "C:\Users\cimbo\Desktop\test51\dest4\test.docx", 
"FileSize": 0, 
"FileTransferTime": 0 
"time": 11/02/2022 09:32:47 
}
{
"Name": "test", 
"FileSource": "C:\Users\cimbo\Desktop\test\dest4\test.xlsx", 
"FileTarget": "C:\Users\cimbo\Desktop\test51\dest4\test.xlsx", 
"FileSize": 0, 
"FileTransferTime": 0 
"time": 11/02/2022 09:32:47 
}
{
"Name": "test", 
"FileSource": "C:\Users\cimbo\Desktop\test\dest6\test.docx", 
"FileTarget": "C:\Users\cimbo\Desktop\test51\dest6\test.docx", 
"FileSize": 0, 
"FileTransferTime": 0 
"time": 11/02/2022 09:32:47 
}
{
"Name": "test", 
"FileSource": "C:\Users\cimbo\Desktop\test\dest6\test.xlsx", 
"FileTarget": "C:\Users\cimbo\Desktop\test51\dest6\test.xlsx", 
"FileSize": 0, 
"FileTransferTime": 0 
"time": 11/02/2022 09:32:47 
}
{
"Name": "test", 
"FileSource": "C:\Users\cimbo\Desktop\test\dest7\test.docx", 
"FileTarget": "C:\Users\cimbo\Desktop\test51\dest7\test.docx", 
"FileSize": 0, 
"FileTransferTime": 1 
"time": 11/02/2022 09:32:47 
}
{
"Name": "test", 
"FileSource": "C:\Users\cimbo\Desktop\test\dest7\test.xlsx", 
"FileTarget": "C:\Users\cimbo\Desktop\test51\dest7\test.xlsx", 
"FileSize": 0, 
"FileTransferTime": 0 
"time": 11/02/2022 09:32:47 
}
{
"Name": "test", 
"FileSource": "C:\Users\cimbo\Desktop\test\test2\test.docx", 
"FileTarget": "C:\Users\cimbo\Desktop\test51\test2\test.docx", 
"FileSize": 0, 
"FileTransferTime": 0 
"time": 11/02/2022 09:32:47 
}
{
"Name": "test", 
"FileSource": "C:\Users\cimbo\Desktop\test\test2\test.xlsx", 
"FileTarget": "C:\Users\cimbo\Desktop\test51\test2\test.xlsx", 
"FileSize": 0, 
"FileTransferTime": 0 
"time": 11/02/2022 09:32:47 
}
{
"Name": "test", 
"FileSource": "C:\Users\cimbo\Desktop\test\dest10\d\Nouveau DOC Document.doc", 
"FileTarget": "C:\Users\cimbo\Desktop\test51\dest10\d\Nouveau DOC Document.doc", 
"FileSize": 0, 
"FileTransferTime": 0 
"time": 11/02/2022 09:32:47 
}
{
"Name": "test", 
"FileSource": "C:\Users\cimbo\Desktop\test\dest10\test2\test.docx", 
"FileTarget": "C:\Users\cimbo\Desktop\test51\dest10\test2\test.docx", 
"FileSize": 0, 
"FileTransferTime": 1 
"time": 11/02/2022 09:32:47 
}
{
"Name": "test", 
"FileSource": "C:\Users\cimbo\Desktop\test\dest4\d\Nouveau DOC Document.doc", 
"FileTarget": "C:\Users\cimbo\Desktop\test51\dest4\d\Nouveau DOC Document.doc", 
"FileSize": 0, 
"FileTransferTime": 1 
"time": 11/02/2022 09:32:47 
}
{
"Name": "test", 
"FileSource": "C:\Users\cimbo\Desktop\test\dest4\test2\test.docx", 
"FileTarget": "C:\Users\cimbo\Desktop\test51\dest4\test2\test.docx", 
"FileSize": 0, 
"FileTransferTime": 0 
"time": 11/02/2022 09:32:47 
}
{
"Name": "test", 
"FileSource": "C:\Users\cimbo\Desktop\test\dest6\d\Nouveau DOC Document.doc", 
"FileTarget": "C:\Users\cimbo\Desktop\test51\dest6\d\Nouveau DOC Document.doc", 
"FileSize": 0, 
"FileTransferTime": 1 
"time": 11/02/2022 09:32:47 
}
{
"Name": "test", 
"FileSource": "C:\Users\cimbo\Desktop\test\dest6\test2\test.docx", 
"FileTarget": "C:\Users\cimbo\Desktop\test51\dest6\test2\test.docx", 
"FileSize": 0, 
"FileTransferTime": 0 
"time": 11/02/2022 09:32:47 
}
{
"Name": "test", 
"FileSource": "C:\Users\cimbo\Desktop\test\dest7\d\Nouveau DOC Document.doc", 
"FileTarget": "C:\Users\cimbo\Desktop\test51\dest7\d\Nouveau DOC Document.doc", 
"FileSize": 0, 
"FileTransferTime": 0 
"time": 11/02/2022 09:32:47 
}
{
"Name": "test", 
"FileSource": "C:\Users\cimbo\Desktop\test\dest7\test2\test.docx", 
"FileTarget": "C:\Users\cimbo\Desktop\test51\dest7\test2\test.docx", 
"FileSize": 0, 
"FileTransferTime": 0 
"time": 11/02/2022 09:32:47 
}
{
"Name": "test", 
"FileSource": "C:\Users\cimbo\Desktop\test\test2\d\Nouveau DOC Document.doc", 
"FileTarget": "C:\Users\cimbo\Desktop\test51\test2\d\Nouveau DOC Document.doc", 
"FileSize": 0, 
"FileTransferTime": 0 
"time": 11/02/2022 09:32:47 
}
{
"Name": "test", 
"FileSource": "C:\Users\cimbo\Desktop\test\test2\r\Nouveau Microsoft Word 97 - 2003 Template.dot", 
"FileTarget": "C:\Users\cimbo\Desktop\test51\test2\r\Nouveau Microsoft Word 97 - 2003 Template.dot", 
"FileSize": 0, 
"FileTransferTime": 1 
"time": 11/02/2022 09:32:47 
}
{
"Name": "test", 
"FileSource": "C:\Users\cimbo\Desktop\test\test2\test2\test.docx", 
"FileTarget": "C:\Users\cimbo\Desktop\test51\test2\test2\test.docx", 
"FileSize": 0, 
"FileTransferTime": 0 
"time": 11/02/2022 09:32:47 
}
{
"Name": "test", 
"FileSource": "C:\Users\cimbo\Desktop\test\dest10\test2\r\Nouveau Microsoft Word 97 - 2003 Template.dot", 
"FileTarget": "C:\Users\cimbo\Desktop\test51\dest10\test2\r\Nouveau Microsoft Word 97 - 2003 Template.dot", 
"FileSize": 0, 
"FileTransferTime": 1 
"time": 11/02/2022 09:32:47 
}
{
"Name": "test", 
"FileSource": "C:\Users\cimbo\Desktop\test\dest4\test2\r\Nouveau Microsoft Word 97 - 2003 Template.dot", 
"FileTarget": "C:\Users\cimbo\Desktop\test51\dest4\test2\r\Nouveau Microsoft Word 97 - 2003 Template.dot", 
"FileSize": 0, 
"FileTransferTime": 1 
"time": 11/02/2022 09:32:47 
}
{
"Name": "test", 
"FileSource": "C:\Users\cimbo\Desktop\test\dest6\test2\r\Nouveau Microsoft Word 97 - 2003 Template.dot", 
"FileTarget": "C:\Users\cimbo\Desktop\test51\dest6\test2\r\Nouveau Microsoft Word 97 - 2003 Template.dot", 
"FileSize": 0, 
"FileTransferTime": 1 
"time": 11/02/2022 09:32:47 
}
{
"Name": "tahsin", 
"FileSource": "C:\Users\cimbo\Desktop\test\test.doc", 
"FileTarget": "C:\Users\cimbo\Desktop\test2\test.doc", 
"FileSize": 33290, 
"FileTransferTime": 1 
"time": 11/02/2022 09:33:46 
}
{
"Name": "tahsin", 
"FileSource": "C:\Users\cimbo\Desktop\test\test.docx", 
"FileTarget": "C:\Users\cimbo\Desktop\test2\test.docx", 
"FileSize": 25272, 
"FileTransferTime": 1 
"time": 11/02/2022 09:33:46 
}
{
"Name": "tahsin", 
"FileSource": "C:\Users\cimbo\Desktop\test\test.txt", 
"FileTarget": "C:\Users\cimbo\Desktop\test2\test.txt", 
"FileSize": 15, 
"FileTransferTime": 1 
"time": 11/02/2022 09:33:46 
}
{
"Name": "tahsin", 
"FileSource": "C:\Users\cimbo\Desktop\test\test.xlsx", 
"FileTarget": "C:\Users\cimbo\Desktop\test2\test.xlsx", 
"FileSize": 0, 
"FileTransferTime": 0 
"time": 11/02/2022 09:33:46 
}
{
"Name": "tahsin", 
"FileSource": "C:\Users\cimbo\Desktop\test\d\Nouveau DOC Document.doc", 
"FileTarget": "C:\Users\cimbo\Desktop\test2\d\Nouveau DOC Document.doc", 
"FileSize": 0, 
"FileTransferTime": 0 
"time": 11/02/2022 09:33:46 
}
{
"Name": "tahsin", 
"FileSource": "C:\Users\cimbo\Desktop\test\dest10\test.docx", 
"FileTarget": "C:\Users\cimbo\Desktop\test2\dest10\test.docx", 
"FileSize": 0, 
"FileTransferTime": 0 
"time": 11/02/2022 09:33:46 
}
{
"Name": "tahsin", 
"FileSource": "C:\Users\cimbo\Desktop\test\dest10\test.xlsx", 
"FileTarget": "C:\Users\cimbo\Desktop\test2\dest10\test.xlsx", 
"FileSize": 0, 
"FileTransferTime": 0 
"time": 11/02/2022 09:33:46 
}
{
"Name": "tahsin", 
"FileSource": "C:\Users\cimbo\Desktop\test\dest4\test.docx", 
"FileTarget": "C:\Users\cimbo\Desktop\test2\dest4\test.docx", 
"FileSize": 0, 
"FileTransferTime": 0 
"time": 11/02/2022 09:33:46 
}
{
"Name": "tahsin", 
"FileSource": "C:\Users\cimbo\Desktop\test\dest4\test.xlsx", 
"FileTarget": "C:\Users\cimbo\Desktop\test2\dest4\test.xlsx", 
"FileSize": 0, 
"FileTransferTime": 0 
"time": 11/02/2022 09:33:46 
}
{
"Name": "tahsin", 
"FileSource": "C:\Users\cimbo\Desktop\test\dest6\test.docx", 
"FileTarget": "C:\Users\cimbo\Desktop\test2\dest6\test.docx", 
"FileSize": 0, 
"FileTransferTime": 0 
"time": 11/02/2022 09:33:46 
}
{
"Name": "tahsin", 
"FileSource": "C:\Users\cimbo\Desktop\test\dest6\test.xlsx", 
"FileTarget": "C:\Users\cimbo\Desktop\test2\dest6\test.xlsx", 
"FileSize": 0, 
"FileTransferTime": 0 
"time": 11/02/2022 09:33:46 
}
{
"Name": "tahsin", 
"FileSource": "C:\Users\cimbo\Desktop\test\dest7\test.docx", 
"FileTarget": "C:\Users\cimbo\Desktop\test2\dest7\test.docx", 
"FileSize": 0, 
"FileTransferTime": 0 
"time": 11/02/2022 09:33:46 
}
{
"Name": "tahsin", 
"FileSource": "C:\Users\cimbo\Desktop\test\dest7\test.xlsx", 
"FileTarget": "C:\Users\cimbo\Desktop\test2\dest7\test.xlsx", 
"FileSize": 0, 
"FileTransferTime": 0 
"time": 11/02/2022 09:33:46 
}
{
"Name": "tahsin", 
"FileSource": "C:\Users\cimbo\Desktop\test\test2\test.docx", 
"FileTarget": "C:\Users\cimbo\Desktop\test2\test2\test.docx", 
"FileSize": 0, 
"FileTransferTime": 0 
"time": 11/02/2022 09:33:46 
}
{
"Name": "tahsin", 
"FileSource": "C:\Users\cimbo\Desktop\test\test2\test.xlsx", 
"FileTarget": "C:\Users\cimbo\Desktop\test2\test2\test.xlsx", 
"FileSize": 0, 
"FileTransferTime": 1 
"time": 11/02/2022 09:33:46 
}
{
"Name": "tahsin", 
"FileSource": "C:\Users\cimbo\Desktop\test\dest10\d\Nouveau DOC Document.doc", 
"FileTarget": "C:\Users\cimbo\Desktop\test2\dest10\d\Nouveau DOC Document.doc", 
"FileSize": 0, 
"FileTransferTime": 0 
"time": 11/02/2022 09:33:46 
}
{
"Name": "tahsin", 
"FileSource": "C:\Users\cimbo\Desktop\test\dest10\test2\test.docx", 
"FileTarget": "C:\Users\cimbo\Desktop\test2\dest10\test2\test.docx", 
"FileSize": 0, 
"FileTransferTime": 0 
"time": 11/02/2022 09:33:46 
}
{
"Name": "tahsin", 
"FileSource": "C:\Users\cimbo\Desktop\test\dest4\d\Nouveau DOC Document.doc", 
"FileTarget": "C:\Users\cimbo\Desktop\test2\dest4\d\Nouveau DOC Document.doc", 
"FileSize": 0, 
"FileTransferTime": 1 
"time": 11/02/2022 09:33:46 
}
{
"Name": "tahsin", 
"FileSource": "C:\Users\cimbo\Desktop\test\dest4\test2\test.docx", 
"FileTarget": "C:\Users\cimbo\Desktop\test2\dest4\test2\test.docx", 
"FileSize": 0, 
"FileTransferTime": 1 
"time": 11/02/2022 09:33:46 
}
{
"Name": "tahsin", 
"FileSource": "C:\Users\cimbo\Desktop\test\dest6\d\Nouveau DOC Document.doc", 
"FileTarget": "C:\Users\cimbo\Desktop\test2\dest6\d\Nouveau DOC Document.doc", 
"FileSize": 0, 
"FileTransferTime": 1 
"time": 11/02/2022 09:33:46 
}
{
"Name": "tahsin", 
"FileSource": "C:\Users\cimbo\Desktop\test\dest6\test2\test.docx", 
"FileTarget": "C:\Users\cimbo\Desktop\test2\dest6\test2\test.docx", 
"FileSize": 0, 
"FileTransferTime": 0 
"time": 11/02/2022 09:33:46 
}
{
"Name": "tahsin", 
"FileSource": "C:\Users\cimbo\Desktop\test\dest7\d\Nouveau DOC Document.doc", 
"FileTarget": "C:\Users\cimbo\Desktop\test2\dest7\d\Nouveau DOC Document.doc", 
"FileSize": 0, 
"FileTransferTime": 0 
"time": 11/02/2022 09:33:46 
}
{
"Name": "tahsin", 
"FileSource": "C:\Users\cimbo\Desktop\test\dest7\test2\test.docx", 
"FileTarget": "C:\Users\cimbo\Desktop\test2\dest7\test2\test.docx", 
"FileSize": 0, 
"FileTransferTime": 0 
"time": 11/02/2022 09:33:46 
}
{
"Name": "tahsin", 
"FileSource": "C:\Users\cimbo\Desktop\test\test2\d\Nouveau DOC Document.doc", 
"FileTarget": "C:\Users\cimbo\Desktop\test2\test2\d\Nouveau DOC Document.doc", 
"FileSize": 0, 
"FileTransferTime": 0 
"time": 11/02/2022 09:33:47 
}
{
"Name": "tahsin", 
"FileSource": "C:\Users\cimbo\Desktop\test\test2\r\Nouveau Microsoft Word 97 - 2003 Template.dot", 
"FileTarget": "C:\Users\cimbo\Desktop\test2\test2\r\Nouveau Microsoft Word 97 - 2003 Template.dot", 
"FileSize": 0, 
"FileTransferTime": 0 
"time": 11/02/2022 09:33:47 
}
{
"Name": "tahsin", 
"FileSource": "C:\Users\cimbo\Desktop\test\test2\test2\test.docx", 
"FileTarget": "C:\Users\cimbo\Desktop\test2\test2\test2\test.docx", 
"FileSize": 0, 
"FileTransferTime": 0 
"time": 11/02/2022 09:33:47 
}
{
"Name": "tahsin", 
"FileSource": "C:\Users\cimbo\Desktop\test\dest10\test2\r\Nouveau Microsoft Word 97 - 2003 Template.dot", 
"FileTarget": "C:\Users\cimbo\Desktop\test2\dest10\test2\r\Nouveau Microsoft Word 97 - 2003 Template.dot", 
"FileSize": 0, 
"FileTransferTime": 1 
"time": 11/02/2022 09:33:47 
}
{
"Name": "tahsin", 
"FileSource": "C:\Users\cimbo\Desktop\test\dest4\test2\r\Nouveau Microsoft Word 97 - 2003 Template.dot", 
"FileTarget": "C:\Users\cimbo\Desktop\test2\dest4\test2\r\Nouveau Microsoft Word 97 - 2003 Template.dot", 
"FileSize": 0, 
"FileTransferTime": 0 
"time": 11/02/2022 09:33:47 
}
{
"Name": "tahsin", 
"FileSource": "C:\Users\cimbo\Desktop\test\dest6\test2\r\Nouveau Microsoft Word 97 - 2003 Template.dot", 
"FileTarget": "C:\Users\cimbo\Desktop\test2\dest6\test2\r\Nouveau Microsoft Word 97 - 2003 Template.dot", 
"FileSize": 0, 
"FileTransferTime": 0 
"time": 11/02/2022 09:33:47 
}
{
"Name": "tahsin", 
"FileSource": "C:\Users\cimbo\Desktop\test\dest7\test2\r\Nouveau Microsoft Word 97 - 2003 Template.dot", 
"FileTarget": "C:\Users\cimbo\Desktop\test2\dest7\test2\r\Nouveau Microsoft Word 97 - 2003 Template.dot", 
"FileSize": 0, 
"FileTransferTime": 1 
"time": 11/02/2022 09:33:47 
}
{
"Name": "tahsin", 
"FileSource": "C:\Users\cimbo\Desktop\test\test2\test2\r\Nouveau Microsoft Word 97 - 2003 Template.dot", 
"FileTarget": "C:\Users\cimbo\Desktop\test2\test2\test2\r\Nouveau Microsoft Word 97 - 2003 Template.dot", 
"FileSize": 0, 
"FileTransferTime": 0 
"time": 11/02/2022 09:33:47 
}
{
"Name": "tahsin", 
"FileSource": "C:\Users\cimbo\Desktop\test\test.doc", 
"FileTarget": "C:\Users\cimbo\Desktop\test2\test.doc", 
"FileSize": 33290, 
"FileTransferTime": 12 
"time": 11/02/2022 09:56:32 
}
{
"Name": "tahsin", 
"FileSource": "C:\Users\cimbo\Desktop\test\test.docx", 
"FileTarget": "C:\Users\cimbo\Desktop\test2\test.docx", 
"FileSize": 25272, 
"FileTransferTime": 4 
"time": 11/02/2022 09:56:32 
}
{
"Name": "tahsin", 
"FileSource": "C:\Users\cimbo\Desktop\test\test.txt", 
"FileTarget": "C:\Users\cimbo\Desktop\test2\test.txt", 
"FileSize": 15, 
"FileTransferTime": 5 
"time": 11/02/2022 09:56:33 
}
{
"Name": "tahsin", 
"FileSource": "C:\Users\cimbo\Desktop\test\test.xlsx", 
"FileTarget": "C:\Users\cimbo\Desktop\test2\test.xlsx", 
"FileSize": 0, 
"FileTransferTime": 4 
"time": 11/02/2022 09:56:33 
}
{
"Name": "tahsin", 
"FileSource": "C:\Users\cimbo\Desktop\test\d\Nouveau DOC Document.doc", 
"FileTarget": "C:\Users\cimbo\Desktop\test2\d\Nouveau DOC Document.doc", 
"FileSize": 0, 
"FileTransferTime": 4 
"time": 11/02/2022 09:56:33 
}
{
"Name": "tahsin", 
"FileSource": "C:\Users\cimbo\Desktop\test\dest10\test.docx", 
"FileTarget": "C:\Users\cimbo\Desktop\test2\dest10\test.docx", 
"FileSize": 0, 
"FileTransferTime": 5 
"time": 11/02/2022 09:56:33 
}
{
"Name": "tahsin", 
"FileSource": "C:\Users\cimbo\Desktop\test\dest10\test.xlsx", 
"FileTarget": "C:\Users\cimbo\Desktop\test2\dest10\test.xlsx", 
"FileSize": 0, 
"FileTransferTime": 20 
"time": 11/02/2022 09:56:33 
}
{
"Name": "tahsin", 
"FileSource": "C:\Users\cimbo\Desktop\test\dest4\test.docx", 
"FileTarget": "C:\Users\cimbo\Desktop\test2\dest4\test.docx", 
"FileSize": 0, 
"FileTransferTime": 4 
"time": 11/02/2022 09:56:33 
}
{
"Name": "tahsin", 
"FileSource": "C:\Users\cimbo\Desktop\test\dest4\test.xlsx", 
"FileTarget": "C:\Users\cimbo\Desktop\test2\dest4\test.xlsx", 
"FileSize": 0, 
"FileTransferTime": 23 
"time": 11/02/2022 09:56:33 
}
{
"Name": "tahsin", 
"FileSource": "C:\Users\cimbo\Desktop\test\dest6\test.docx", 
"FileTarget": "C:\Users\cimbo\Desktop\test2\dest6\test.docx", 
"FileSize": 0, 
"FileTransferTime": 6 
"time": 11/02/2022 09:56:33 
}
{
"Name": "tahsin", 
"FileSource": "C:\Users\cimbo\Desktop\test\dest6\test.xlsx", 
"FileTarget": "C:\Users\cimbo\Desktop\test2\dest6\test.xlsx", 
"FileSize": 0, 
"FileTransferTime": 5 
"time": 11/02/2022 09:56:33 
}
{
"Name": "tahsin", 
"FileSource": "C:\Users\cimbo\Desktop\test\dest7\test.docx", 
"FileTarget": "C:\Users\cimbo\Desktop\test2\dest7\test.docx", 
"FileSize": 0, 
"FileTransferTime": 36 
"time": 11/02/2022 09:56:33 
}
{
"Name": "tahsin", 
"FileSource": "C:\Users\cimbo\Desktop\test\dest7\test.xlsx", 
"FileTarget": "C:\Users\cimbo\Desktop\test2\dest7\test.xlsx", 
"FileSize": 0, 
"FileTransferTime": 24 
"time": 11/02/2022 09:56:33 
}
{
"Name": "tahsin", 
"FileSource": "C:\Users\cimbo\Desktop\test\test2\test.docx", 
"FileTarget": "C:\Users\cimbo\Desktop\test2\test2\test.docx", 
"FileSize": 0, 
"FileTransferTime": 31 
"time": 11/02/2022 09:56:33 
}
{
"Name": "tahsin", 
"FileSource": "C:\Users\cimbo\Desktop\test\test2\test.xlsx", 
"FileTarget": "C:\Users\cimbo\Desktop\test2\test2\test.xlsx", 
"FileSize": 0, 
"FileTransferTime": 9 
"time": 11/02/2022 09:56:33 
}
{
"Name": "tahsin", 
"FileSource": "C:\Users\cimbo\Desktop\test\dest10\d\Nouveau DOC Document.doc", 
"FileTarget": "C:\Users\cimbo\Desktop\test2\dest10\d\Nouveau DOC Document.doc", 
"FileSize": 0, 
"FileTransferTime": 24 
"time": 11/02/2022 09:56:33 
}
{
"Name": "tahsin", 
"FileSource": "C:\Users\cimbo\Desktop\test\dest10\test2\test.docx", 
"FileTarget": "C:\Users\cimbo\Desktop\test2\dest10\test2\test.docx", 
"FileSize": 0, 
"FileTransferTime": 58 
"time": 11/02/2022 09:56:33 
}
{
"Name": "tahsin", 
"FileSource": "C:\Users\cimbo\Desktop\test\dest4\d\Nouveau DOC Document.doc", 
"FileTarget": "C:\Users\cimbo\Desktop\test2\dest4\d\Nouveau DOC Document.doc", 
"FileSize": 0, 
"FileTransferTime": 7 
"time": 11/02/2022 09:56:33 
}
{
"Name": "tahsin", 
"FileSource": "C:\Users\cimbo\Desktop\test\dest4\test2\test.docx", 
"FileTarget": "C:\Users\cimbo\Desktop\test2\dest4\test2\test.docx", 
"FileSize": 0, 
"FileTransferTime": 8 
"time": 11/02/2022 09:56:33 
}
{
"Name": "tahsin", 
"FileSource": "C:\Users\cimbo\Desktop\test\dest6\d\Nouveau DOC Document.doc", 
"FileTarget": "C:\Users\cimbo\Desktop\test2\dest6\d\Nouveau DOC Document.doc", 
"FileSize": 0, 
"FileTransferTime": 5 
"time": 11/02/2022 09:56:33 
}
{
"Name": "tahsin", 
"FileSource": "C:\Users\cimbo\Desktop\test\dest6\test2\test.docx", 
"FileTarget": "C:\Users\cimbo\Desktop\test2\dest6\test2\test.docx", 
"FileSize": 0, 
"FileTransferTime": 5 
"time": 11/02/2022 09:56:33 
}
{
"Name": "tahsin", 
"FileSource": "C:\Users\cimbo\Desktop\test\dest7\d\Nouveau DOC Document.doc", 
"FileTarget": "C:\Users\cimbo\Desktop\test2\dest7\d\Nouveau DOC Document.doc", 
"FileSize": 0, 
"FileTransferTime": 8 
"time": 11/02/2022 09:56:33 
}
{
"Name": "tahsin", 
"FileSource": "C:\Users\cimbo\Desktop\test\dest7\test2\test.docx", 
"FileTarget": "C:\Users\cimbo\Desktop\test2\dest7\test2\test.docx", 
"FileSize": 0, 
"FileTransferTime": 5 
"time": 11/02/2022 09:56:33 
}
{
"Name": "tahsin", 
"FileSource": "C:\Users\cimbo\Desktop\test\test2\d\Nouveau DOC Document.doc", 
"FileTarget": "C:\Users\cimbo\Desktop\test2\test2\d\Nouveau DOC Document.doc", 
"FileSize": 0, 
"FileTransferTime": 120 
"time": 11/02/2022 09:56:33 
}
{
"Name": "tahsin", 
"FileSource": "C:\Users\cimbo\Desktop\test\test2\r\Nouveau Microsoft Word 97 - 2003 Template.dot", 
"FileTarget": "C:\Users\cimbo\Desktop\test2\test2\r\Nouveau Microsoft Word 97 - 2003 Template.dot", 
"FileSize": 0, 
"FileTransferTime": 5 
"time": 11/02/2022 09:56:33 
}
{
"Name": "tahsin", 
"FileSource": "C:\Users\cimbo\Desktop\test\test2\test2\test.docx", 
"FileTarget": "C:\Users\cimbo\Desktop\test2\test2\test2\test.docx", 
"FileSize": 0, 
"FileTransferTime": 5 
"time": 11/02/2022 09:56:33 
}
{
"Name": "tahsin", 
"FileSource": "C:\Users\cimbo\Desktop\test\dest10\test2\r\Nouveau Microsoft Word 97 - 2003 Template.dot", 
"FileTarget": "C:\Users\cimbo\Desktop\test2\dest10\test2\r\Nouveau Microsoft Word 97 - 2003 Template.dot", 
"FileSize": 0, 
"FileTransferTime": 27 
"time": 11/02/2022 09:56:33 
}
{
"Name": "tahsin", 
"FileSource": "C:\Users\cimbo\Desktop\test\dest4\test2\r\Nouveau Microsoft Word 97 - 2003 Template.dot", 
"FileTarget": "C:\Users\cimbo\Desktop\test2\dest4\test2\r\Nouveau Microsoft Word 97 - 2003 Template.dot", 
"FileSize": 0, 
"FileTransferTime": 11 
"time": 11/02/2022 09:56:33 
}
{
"Name": "tahsin", 
"FileSource": "C:\Users\cimbo\Desktop\test\dest6\test2\r\Nouveau Microsoft Word 97 - 2003 Template.dot", 
"FileTarget": "C:\Users\cimbo\Desktop\test2\dest6\test2\r\Nouveau Microsoft Word 97 - 2003 Template.dot", 
"FileSize": 0, 
"FileTransferTime": 39 
"time": 11/02/2022 09:56:33 
}
{
"Name": "tahsin", 
"FileSource": "C:\Users\cimbo\Desktop\test\dest7\test2\r\Nouveau Microsoft Word 97 - 2003 Template.dot", 
"FileTarget": "C:\Users\cimbo\Desktop\test2\dest7\test2\r\Nouveau Microsoft Word 97 - 2003 Template.dot", 
"FileSize": 0, 
"FileTransferTime": 27 
"time": 11/02/2022 09:56:33 
}
{
"Name": "tahsin", 
"FileSource": "C:\Users\cimbo\Desktop\test\test2\test2\r\Nouveau Microsoft Word 97 - 2003 Template.dot", 
"FileTarget": "C:\Users\cimbo\Desktop\test2\test2\test2\r\Nouveau Microsoft Word 97 - 2003 Template.dot", 
"FileSize": 0, 
"FileTransferTime": 23 
"time": 11/02/2022 09:56:33 
}
{
"Name": "tahsin", 
"FileSource": "C:\Users\cimbo\Desktop\test\test.doc", 
"FileTarget": "C:\Users\cimbo\Desktop\test2\test.doc", 
"FileSize": 33290, 
"FileTransferTime": 7 
"time": 11/02/2022 10:01:15 
}
{
"Name": "tahsin", 
"FileSource": "C:\Users\cimbo\Desktop\test\test.docx", 
"FileTarget": "C:\Users\cimbo\Desktop\test2\test.docx", 
"FileSize": 25272, 
"FileTransferTime": 5 
"time": 11/02/2022 10:01:15 
}
{
"Name": "tahsin", 
"FileSource": "C:\Users\cimbo\Desktop\test\test.txt", 
"FileTarget": "C:\Users\cimbo\Desktop\test2\test.txt", 
"FileSize": 15, 
"FileTransferTime": 5 
"time": 11/02/2022 10:01:15 
}
{
"Name": "tahsin", 
"FileSource": "C:\Users\cimbo\Desktop\test\test.xlsx", 
"FileTarget": "C:\Users\cimbo\Desktop\test2\test.xlsx", 
"FileSize": 0, 
"FileTransferTime": 5 
"time": 11/02/2022 10:01:15 
}
{
"Name": "tahsin", 
"FileSource": "C:\Users\cimbo\Desktop\test\d\Nouveau DOC Document.doc", 
"FileTarget": "C:\Users\cimbo\Desktop\test2\d\Nouveau DOC Document.doc", 
"FileSize": 0, 
"FileTransferTime": 5 
"time": 11/02/2022 10:01:15 
}
{
"Name": "tahsin", 
"FileSource": "C:\Users\cimbo\Desktop\test\dest10\test.docx", 
"FileTarget": "C:\Users\cimbo\Desktop\test2\dest10\test.docx", 
"FileSize": 0, 
"FileTransferTime": 4 
"time": 11/02/2022 10:01:15 
}
{
"Name": "tahsin", 
"FileSource": "C:\Users\cimbo\Desktop\test\dest10\test.xlsx", 
"FileTarget": "C:\Users\cimbo\Desktop\test2\dest10\test.xlsx", 
"FileSize": 0, 
"FileTransferTime": 4 
"time": 11/02/2022 10:01:15 
}
{
"Name": "tahsin", 
"FileSource": "C:\Users\cimbo\Desktop\test\dest4\test.docx", 
"FileTarget": "C:\Users\cimbo\Desktop\test2\dest4\test.docx", 
"FileSize": 0, 
"FileTransferTime": 5 
"time": 11/02/2022 10:01:15 
}
{
"Name": "tahsin", 
"FileSource": "C:\Users\cimbo\Desktop\test\dest4\test.xlsx", 
"FileTarget": "C:\Users\cimbo\Desktop\test2\dest4\test.xlsx", 
"FileSize": 0, 
"FileTransferTime": 4 
"time": 11/02/2022 10:01:15 
}
{
"Name": "tahsin", 
"FileSource": "C:\Users\cimbo\Desktop\test\dest6\test.docx", 
"FileTarget": "C:\Users\cimbo\Desktop\test2\dest6\test.docx", 
"FileSize": 0, 
"FileTransferTime": 5 
"time": 11/02/2022 10:01:15 
}
{
"Name": "tahsin", 
"FileSource": "C:\Users\cimbo\Desktop\test\dest6\test.xlsx", 
"FileTarget": "C:\Users\cimbo\Desktop\test2\dest6\test.xlsx", 
"FileSize": 0, 
"FileTransferTime": 7 
"time": 11/02/2022 10:01:15 
}
{
"Name": "tahsin", 
"FileSource": "C:\Users\cimbo\Desktop\test\dest7\test.docx", 
"FileTarget": "C:\Users\cimbo\Desktop\test2\dest7\test.docx", 
"FileSize": 0, 
"FileTransferTime": 9 
"time": 11/02/2022 10:01:15 
}
{
"Name": "tahsin", 
"FileSource": "C:\Users\cimbo\Desktop\test\dest7\test.xlsx", 
"FileTarget": "C:\Users\cimbo\Desktop\test2\dest7\test.xlsx", 
"FileSize": 0, 
"FileTransferTime": 5 
"time": 11/02/2022 10:01:15 
}
{
"Name": "tahsin", 
"FileSource": "C:\Users\cimbo\Desktop\test\test2\test.docx", 
"FileTarget": "C:\Users\cimbo\Desktop\test2\test2\test.docx", 
"FileSize": 0, 
"FileTransferTime": 6 
"time": 11/02/2022 10:01:15 
}
{
"Name": "tahsin", 
"FileSource": "C:\Users\cimbo\Desktop\test\test2\test.xlsx", 
"FileTarget": "C:\Users\cimbo\Desktop\test2\test2\test.xlsx", 
"FileSize": 0, 
"FileTransferTime": 32 
"time": 11/02/2022 10:01:15 
}
{
"Name": "tahsin", 
"FileSource": "C:\Users\cimbo\Desktop\test\dest10\d\Nouveau DOC Document.doc", 
"FileTarget": "C:\Users\cimbo\Desktop\test2\dest10\d\Nouveau DOC Document.doc", 
"FileSize": 0, 
"FileTransferTime": 5 
"time": 11/02/2022 10:01:15 
}
{
"Name": "tahsin", 
"FileSource": "C:\Users\cimbo\Desktop\test\dest10\test2\test.docx", 
"FileTarget": "C:\Users\cimbo\Desktop\test2\dest10\test2\test.docx", 
"FileSize": 0, 
"FileTransferTime": 7 
"time": 11/02/2022 10:01:15 
}
{
"Name": "tahsin", 
"FileSource": "C:\Users\cimbo\Desktop\test\dest4\d\Nouveau DOC Document.doc", 
"FileTarget": "C:\Users\cimbo\Desktop\test2\dest4\d\Nouveau DOC Document.doc", 
"FileSize": 0, 
"FileTransferTime": 5 
"time": 11/02/2022 10:01:15 
}
{
"Name": "tahsin", 
"FileSource": "C:\Users\cimbo\Desktop\test\dest4\test2\test.docx", 
"FileTarget": "C:\Users\cimbo\Desktop\test2\dest4\test2\test.docx", 
"FileSize": 0, 
"FileTransferTime": 5 
"time": 11/02/2022 10:01:15 
}
{
"Name": "tahsin", 
"FileSource": "C:\Users\cimbo\Desktop\test\dest6\d\Nouveau DOC Document.doc", 
"FileTarget": "C:\Users\cimbo\Desktop\test2\dest6\d\Nouveau DOC Document.doc", 
"FileSize": 0, 
"FileTransferTime": 6 
"time": 11/02/2022 10:01:15 
}
{
"Name": "tahsin", 
"FileSource": "C:\Users\cimbo\Desktop\test\dest6\test2\test.docx", 
"FileTarget": "C:\Users\cimbo\Desktop\test2\dest6\test2\test.docx", 
"FileSize": 0, 
"FileTransferTime": 5 
"time": 11/02/2022 10:01:15 
}
{
"Name": "tahsin", 
"FileSource": "C:\Users\cimbo\Desktop\test\dest7\d\Nouveau DOC Document.doc", 
"FileTarget": "C:\Users\cimbo\Desktop\test2\dest7\d\Nouveau DOC Document.doc", 
"FileSize": 0, 
"FileTransferTime": 5 
"time": 11/02/2022 10:01:15 
}
{
"Name": "tahsin", 
"FileSource": "C:\Users\cimbo\Desktop\test\dest7\test2\test.docx", 
"FileTarget": "C:\Users\cimbo\Desktop\test2\dest7\test2\test.docx", 
"FileSize": 0, 
"FileTransferTime": 27 
"time": 11/02/2022 10:01:15 
}
{
"Name": "tahsin", 
"FileSource": "C:\Users\cimbo\Desktop\test\test2\d\Nouveau DOC Document.doc", 
"FileTarget": "C:\Users\cimbo\Desktop\test2\test2\d\Nouveau DOC Document.doc", 
"FileSize": 0, 
"FileTransferTime": 7 
"time": 11/02/2022 10:01:15 
}
{
"Name": "tahsin", 
"FileSource": "C:\Users\cimbo\Desktop\test\test2\r\Nouveau Microsoft Word 97 - 2003 Template.dot", 
"FileTarget": "C:\Users\cimbo\Desktop\test2\test2\r\Nouveau Microsoft Word 97 - 2003 Template.dot", 
"FileSize": 0, 
"FileTransferTime": 5 
"time": 11/02/2022 10:01:15 
}
{
"Name": "tahsin", 
"FileSource": "C:\Users\cimbo\Desktop\test\test2\test2\test.docx", 
"FileTarget": "C:\Users\cimbo\Desktop\test2\test2\test2\test.docx", 
"FileSize": 0, 
"FileTransferTime": 7 
"time": 11/02/2022 10:01:15 
}
{
"Name": "tahsin", 
"FileSource": "C:\Users\cimbo\Desktop\test\dest10\test2\r\Nouveau Microsoft Word 97 - 2003 Template.dot", 
"FileTarget": "C:\Users\cimbo\Desktop\test2\dest10\test2\r\Nouveau Microsoft Word 97 - 2003 Template.dot", 
"FileSize": 0, 
"FileTransferTime": 55 
"time": 11/02/2022 10:01:15 
}
{
"Name": "tahsin", 
"FileSource": "C:\Users\cimbo\Desktop\test\dest4\test2\r\Nouveau Microsoft Word 97 - 2003 Template.dot", 
"FileTarget": "C:\Users\cimbo\Desktop\test2\dest4\test2\r\Nouveau Microsoft Word 97 - 2003 Template.dot", 
"FileSize": 0, 
"FileTransferTime": 29 
"time": 11/02/2022 10:01:15 
}
{
"Name": "tahsin", 
"FileSource": "C:\Users\cimbo\Desktop\test\dest6\test2\r\Nouveau Microsoft Word 97 - 2003 Template.dot", 
"FileTarget": "C:\Users\cimbo\Desktop\test2\dest6\test2\r\Nouveau Microsoft Word 97 - 2003 Template.dot", 
"FileSize": 0, 
"FileTransferTime": 25 
"time": 11/02/2022 10:01:15 
}
{
"Name": "tahsin", 
"FileSource": "C:\Users\cimbo\Desktop\test\dest7\test2\r\Nouveau Microsoft Word 97 - 2003 Template.dot", 
"FileTarget": "C:\Users\cimbo\Desktop\test2\dest7\test2\r\Nouveau Microsoft Word 97 - 2003 Template.dot", 
"FileSize": 0, 
"FileTransferTime": 5 
"time": 11/02/2022 10:01:15 
}
{
"Name": "tahsin", 
"FileSource": "C:\Users\cimbo\Desktop\test\test2\test2\r\Nouveau Microsoft Word 97 - 2003 Template.dot", 
"FileTarget": "C:\Users\cimbo\Desktop\test2\test2\test2\r\Nouveau Microsoft Word 97 - 2003 Template.dot", 
"FileSize": 0, 
"FileTransferTime": 5 
"time": 11/02/2022 10:01:15 
}
{
"Name": "tahsin", 
"FileSource": "C:\Users\cimbo\Desktop\test\test.doc", 
"FileTarget": "C:\Users\cimbo\Desktop\test2\test.doc", 
"FileSize": 33290, 
"FileTransferTime": 0 
"time": 11/02/2022 10:02:32 
}
{
"Name": "tahsin", 
"FileSource": "C:\Users\cimbo\Desktop\test\test.docx", 
"FileTarget": "C:\Users\cimbo\Desktop\test2\test.docx", 
"FileSize": 25272, 
"FileTransferTime": 1 
"time": 11/02/2022 10:02:32 
}
{
"Name": "tahsin", 
"FileSource": "C:\Users\cimbo\Desktop\test\test.txt", 
"FileTarget": "C:\Users\cimbo\Desktop\test2\test.txt", 
"FileSize": 15, 
"FileTransferTime": 1 
"time": 11/02/2022 10:02:32 
}
{
"Name": "tahsin", 
"FileSource": "C:\Users\cimbo\Desktop\test\test.xlsx", 
"FileTarget": "C:\Users\cimbo\Desktop\test2\test.xlsx", 
"FileSize": 0, 
"FileTransferTime": 0 
"time": 11/02/2022 10:02:32 
}
{
"Name": "tahsin", 
"FileSource": "C:\Users\cimbo\Desktop\test\d\Nouveau DOC Document.doc", 
"FileTarget": "C:\Users\cimbo\Desktop\test2\d\Nouveau DOC Document.doc", 
"FileSize": 0, 
"FileTransferTime": 1 
"time": 11/02/2022 10:02:32 
}
{
"Name": "tahsin", 
"FileSource": "C:\Users\cimbo\Desktop\test\dest10\test.docx", 
"FileTarget": "C:\Users\cimbo\Desktop\test2\dest10\test.docx", 
"FileSize": 0, 
"FileTransferTime": 0 
"time": 11/02/2022 10:02:32 
}
{
"Name": "tahsin", 
"FileSource": "C:\Users\cimbo\Desktop\test\dest10\test.xlsx", 
"FileTarget": "C:\Users\cimbo\Desktop\test2\dest10\test.xlsx", 
"FileSize": 0, 
"FileTransferTime": 0 
"time": 11/02/2022 10:02:32 
}
{
"Name": "tahsin", 
"FileSource": "C:\Users\cimbo\Desktop\test\dest4\test.docx", 
"FileTarget": "C:\Users\cimbo\Desktop\test2\dest4\test.docx", 
"FileSize": 0, 
"FileTransferTime": 0 
"time": 11/02/2022 10:02:32 
}
{
"Name": "tahsin", 
"FileSource": "C:\Users\cimbo\Desktop\test\dest4\test.xlsx", 
"FileTarget": "C:\Users\cimbo\Desktop\test2\dest4\test.xlsx", 
"FileSize": 0, 
"FileTransferTime": 0 
"time": 11/02/2022 10:02:32 
}
{
"Name": "tahsin", 
"FileSource": "C:\Users\cimbo\Desktop\test\dest6\test.docx", 
"FileTarget": "C:\Users\cimbo\Desktop\test2\dest6\test.docx", 
"FileSize": 0, 
"FileTransferTime": 1 
"time": 11/02/2022 10:02:32 
}
{
"Name": "tahsin", 
"FileSource": "C:\Users\cimbo\Desktop\test\dest6\test.xlsx", 
"FileTarget": "C:\Users\cimbo\Desktop\test2\dest6\test.xlsx", 
"FileSize": 0, 
"FileTransferTime": 1 
"time": 11/02/2022 10:02:32 
}
{
"Name": "tahsin", 
"FileSource": "C:\Users\cimbo\Desktop\test\dest7\test.docx", 
"FileTarget": "C:\Users\cimbo\Desktop\test2\dest7\test.docx", 
"FileSize": 0, 
"FileTransferTime": 1 
"time": 11/02/2022 10:02:32 
}
{
"Name": "tahsin", 
"FileSource": "C:\Users\cimbo\Desktop\test\dest7\test.xlsx", 
"FileTarget": "C:\Users\cimbo\Desktop\test2\dest7\test.xlsx", 
"FileSize": 0, 
"FileTransferTime": 0 
"time": 11/02/2022 10:02:32 
}
{
"Name": "tahsin", 
"FileSource": "C:\Users\cimbo\Desktop\test\test2\test.docx", 
"FileTarget": "C:\Users\cimbo\Desktop\test2\test2\test.docx", 
"FileSize": 0, 
"FileTransferTime": 0 
"time": 11/02/2022 10:02:32 
}
{
"Name": "tahsin", 
"FileSource": "C:\Users\cimbo\Desktop\test\test2\test.xlsx", 
"FileTarget": "C:\Users\cimbo\Desktop\test2\test2\test.xlsx", 
"FileSize": 0, 
"FileTransferTime": 1 
"time": 11/02/2022 10:02:32 
}
{
"Name": "tahsin", 
"FileSource": "C:\Users\cimbo\Desktop\test\dest10\d\Nouveau DOC Document.doc", 
"FileTarget": "C:\Users\cimbo\Desktop\test2\dest10\d\Nouveau DOC Document.doc", 
"FileSize": 0, 
"FileTransferTime": 0 
"time": 11/02/2022 10:02:32 
}
{
"Name": "tahsin", 
"FileSource": "C:\Users\cimbo\Desktop\test\dest10\test2\test.docx", 
"FileTarget": "C:\Users\cimbo\Desktop\test2\dest10\test2\test.docx", 
"FileSize": 0, 
"FileTransferTime": 1 
"time": 11/02/2022 10:02:32 
}
{
"Name": "tahsin", 
"FileSource": "C:\Users\cimbo\Desktop\test\dest4\d\Nouveau DOC Document.doc", 
"FileTarget": "C:\Users\cimbo\Desktop\test2\dest4\d\Nouveau DOC Document.doc", 
"FileSize": 0, 
"FileTransferTime": 1 
"time": 11/02/2022 10:02:32 
}
{
"Name": "tahsin", 
"FileSource": "C:\Users\cimbo\Desktop\test\dest4\test2\test.docx", 
"FileTarget": "C:\Users\cimbo\Desktop\test2\dest4\test2\test.docx", 
"FileSize": 0, 
"FileTransferTime": 1 
"time": 11/02/2022 10:02:32 
}
{
"Name": "tahsin", 
"FileSource": "C:\Users\cimbo\Desktop\test\dest6\d\Nouveau DOC Document.doc", 
"FileTarget": "C:\Users\cimbo\Desktop\test2\dest6\d\Nouveau DOC Document.doc", 
"FileSize": 0, 
"FileTransferTime": 0 
"time": 11/02/2022 10:02:32 
}
{
"Name": "tahsin", 
"FileSource": "C:\Users\cimbo\Desktop\test\dest6\test2\test.docx", 
"FileTarget": "C:\Users\cimbo\Desktop\test2\dest6\test2\test.docx", 
"FileSize": 0, 
"FileTransferTime": 0 
"time": 11/02/2022 10:02:32 
}
{
"Name": "tahsin", 
"FileSource": "C:\Users\cimbo\Desktop\test\dest7\d\Nouveau DOC Document.doc", 
"FileTarget": "C:\Users\cimbo\Desktop\test2\dest7\d\Nouveau DOC Document.doc", 
"FileSize": 0, 
"FileTransferTime": 0 
"time": 11/02/2022 10:02:32 
}
{
"Name": "tahsin", 
"FileSource": "C:\Users\cimbo\Desktop\test\dest7\test2\test.docx", 
"FileTarget": "C:\Users\cimbo\Desktop\test2\dest7\test2\test.docx", 
"FileSize": 0, 
"FileTransferTime": 0 
"time": 11/02/2022 10:02:32 
}
{
"Name": "tahsin", 
"FileSource": "C:\Users\cimbo\Desktop\test\test2\d\Nouveau DOC Document.doc", 
"FileTarget": "C:\Users\cimbo\Desktop\test2\test2\d\Nouveau DOC Document.doc", 
"FileSize": 0, 
"FileTransferTime": 0 
"time": 11/02/2022 10:02:32 
}
{
"Name": "tahsin", 
"FileSource": "C:\Users\cimbo\Desktop\test\test2\r\Nouveau Microsoft Word 97 - 2003 Template.dot", 
"FileTarget": "C:\Users\cimbo\Desktop\test2\test2\r\Nouveau Microsoft Word 97 - 2003 Template.dot", 
"FileSize": 0, 
"FileTransferTime": 0 
"time": 11/02/2022 10:02:32 
}
{
"Name": "tahsin", 
"FileSource": "C:\Users\cimbo\Desktop\test\test2\test2\test.docx", 
"FileTarget": "C:\Users\cimbo\Desktop\test2\test2\test2\test.docx", 
"FileSize": 0, 
"FileTransferTime": 0 
"time": 11/02/2022 10:02:32 
}
{
"Name": "tahsin", 
"FileSource": "C:\Users\cimbo\Desktop\test\dest10\test2\r\Nouveau Microsoft Word 97 - 2003 Template.dot", 
"FileTarget": "C:\Users\cimbo\Desktop\test2\dest10\test2\r\Nouveau Microsoft Word 97 - 2003 Template.dot", 
"FileSize": 0, 
"FileTransferTime": 0 
"time": 11/02/2022 10:02:32 
}
{
"Name": "tahsin", 
"FileSource": "C:\Users\cimbo\Desktop\test\dest4\test2\r\Nouveau Microsoft Word 97 - 2003 Template.dot", 
"FileTarget": "C:\Users\cimbo\Desktop\test2\dest4\test2\r\Nouveau Microsoft Word 97 - 2003 Template.dot", 
"FileSize": 0, 
"FileTransferTime": 0 
"time": 11/02/2022 10:02:32 
}
{
"Name": "tahsin", 
"FileSource": "C:\Users\cimbo\Desktop\test\dest6\test2\r\Nouveau Microsoft Word 97 - 2003 Template.dot", 
"FileTarget": "C:\Users\cimbo\Desktop\test2\dest6\test2\r\Nouveau Microsoft Word 97 - 2003 Template.dot", 
"FileSize": 0, 
"FileTransferTime": 0 
"time": 11/02/2022 10:02:32 
}
{
"Name": "tahsin", 
"FileSource": "C:\Users\cimbo\Desktop\test\dest7\test2\r\Nouveau Microsoft Word 97 - 2003 Template.dot", 
"FileTarget": "C:\Users\cimbo\Desktop\test2\dest7\test2\r\Nouveau Microsoft Word 97 - 2003 Template.dot", 
"FileSize": 0, 
"FileTransferTime": 0 
"time": 11/02/2022 10:02:32 
}
{
"Name": "tahsin", 
"FileSource": "C:\Users\cimbo\Desktop\test\test2\test2\r\Nouveau Microsoft Word 97 - 2003 Template.dot", 
"FileTarget": "C:\Users\cimbo\Desktop\test2\test2\test2\r\Nouveau Microsoft Word 97 - 2003 Template.dot", 
"FileSize": 0, 
"FileTransferTime": 0 
"time": 11/02/2022 10:02:32 
}
{
"Name": "tahsin", 
"FileSource": "C:\Users\cimbo\Desktop\test\test.docx", 
"FileTarget": "C:\Users\cimbo\Desktop\test2\test.docx", 
"FileSize": 11983, 
"FileTransferTime": 1 
"time": 11/02/2022 10:03:28 
}
{
"Name": "tahsin", 
"FileSource": "C:\Users\cimbo\Desktop\test\test.txt", 
"FileTarget": "C:\Users\cimbo\Desktop\test2\test.txt", 
"FileSize": 15, 
"FileTransferTime": 1 
"time": 11/02/2022 10:03:28 
}
{
"Name": "tahsin", 
"FileSource": "C:\Users\cimbo\Desktop\test\test.xlsx", 
"FileTarget": "C:\Users\cimbo\Desktop\test2\test.xlsx", 
"FileSize": 0, 
"FileTransferTime": 0 
"time": 11/02/2022 10:03:28 
}
{
"Name": "tahsin", 
"FileSource": "C:\Users\cimbo\Desktop\test\d\Nouveau DOC Document.doc", 
"FileTarget": "C:\Users\cimbo\Desktop\test2\d\Nouveau DOC Document.doc", 
"FileSize": 0, 
"FileTransferTime": 0 
"time": 11/02/2022 10:03:28 
}
{
"Name": "tahsin", 
"FileSource": "C:\Users\cimbo\Desktop\test\dest10\test.docx", 
"FileTarget": "C:\Users\cimbo\Desktop\test2\dest10\test.docx", 
"FileSize": 0, 
"FileTransferTime": 0 
"time": 11/02/2022 10:03:28 
}
{
"Name": "tahsin", 
"FileSource": "C:\Users\cimbo\Desktop\test\dest10\test.xlsx", 
"FileTarget": "C:\Users\cimbo\Desktop\test2\dest10\test.xlsx", 
"FileSize": 0, 
"FileTransferTime": 0 
"time": 11/02/2022 10:03:28 
}
{
"Name": "tahsin", 
"FileSource": "C:\Users\cimbo\Desktop\test\dest4\test.docx", 
"FileTarget": "C:\Users\cimbo\Desktop\test2\dest4\test.docx", 
"FileSize": 0, 
"FileTransferTime": 0 
"time": 11/02/2022 10:03:28 
}
{
"Name": "tahsin", 
"FileSource": "C:\Users\cimbo\Desktop\test\dest4\test.xlsx", 
"FileTarget": "C:\Users\cimbo\Desktop\test2\dest4\test.xlsx", 
"FileSize": 0, 
"FileTransferTime": 1 
"time": 11/02/2022 10:03:28 
}
{
"Name": "tahsin", 
"FileSource": "C:\Users\cimbo\Desktop\test\dest6\test.docx", 
"FileTarget": "C:\Users\cimbo\Desktop\test2\dest6\test.docx", 
"FileSize": 0, 
"FileTransferTime": 0 
"time": 11/02/2022 10:03:28 
}
{
"Name": "tahsin", 
"FileSource": "C:\Users\cimbo\Desktop\test\dest6\test.xlsx", 
"FileTarget": "C:\Users\cimbo\Desktop\test2\dest6\test.xlsx", 
"FileSize": 0, 
"FileTransferTime": 0 
"time": 11/02/2022 10:03:28 
}
{
"Name": "tahsin", 
"FileSource": "C:\Users\cimbo\Desktop\test\dest7\test.docx", 
"FileTarget": "C:\Users\cimbo\Desktop\test2\dest7\test.docx", 
"FileSize": 0, 
"FileTransferTime": 1 
"time": 11/02/2022 10:03:28 
}
{
"Name": "tahsin", 
"FileSource": "C:\Users\cimbo\Desktop\test\dest7\test.xlsx", 
"FileTarget": "C:\Users\cimbo\Desktop\test2\dest7\test.xlsx", 
"FileSize": 0, 
"FileTransferTime": 0 
"time": 11/02/2022 10:03:28 
}
{
"Name": "tahsin", 
"FileSource": "C:\Users\cimbo\Desktop\test\test2\test.docx", 
"FileTarget": "C:\Users\cimbo\Desktop\test2\test2\test.docx", 
"FileSize": 0, 
"FileTransferTime": 0 
"time": 11/02/2022 10:03:28 
}
{
"Name": "tahsin", 
"FileSource": "C:\Users\cimbo\Desktop\test\test2\test.xlsx", 
"FileTarget": "C:\Users\cimbo\Desktop\test2\test2\test.xlsx", 
"FileSize": 0, 
"FileTransferTime": 1 
"time": 11/02/2022 10:03:28 
}
{
"Name": "tahsin", 
"FileSource": "C:\Users\cimbo\Desktop\test\dest10\d\Nouveau DOC Document.doc", 
"FileTarget": "C:\Users\cimbo\Desktop\test2\dest10\d\Nouveau DOC Document.doc", 
"FileSize": 0, 
"FileTransferTime": 0 
"time": 11/02/2022 10:03:28 
}
{
"Name": "tahsin", 
"FileSource": "C:\Users\cimbo\Desktop\test\dest10\test2\test.docx", 
"FileTarget": "C:\Users\cimbo\Desktop\test2\dest10\test2\test.docx", 
"FileSize": 0, 
"FileTransferTime": 0 
"time": 11/02/2022 10:03:28 
}
{
"Name": "tahsin", 
"FileSource": "C:\Users\cimbo\Desktop\test\dest4\d\Nouveau DOC Document.doc", 
"FileTarget": "C:\Users\cimbo\Desktop\test2\dest4\d\Nouveau DOC Document.doc", 
"FileSize": 0, 
"FileTransferTime": 0 
"time": 11/02/2022 10:03:28 
}
{
"Name": "tahsin", 
"FileSource": "C:\Users\cimbo\Desktop\test\dest4\test2\test.docx", 
"FileTarget": "C:\Users\cimbo\Desktop\test2\dest4\test2\test.docx", 
"FileSize": 0, 
"FileTransferTime": 0 
"time": 11/02/2022 10:03:28 
}
{
"Name": "tahsin", 
"FileSource": "C:\Users\cimbo\Desktop\test\dest6\d\Nouveau DOC Document.doc", 
"FileTarget": "C:\Users\cimbo\Desktop\test2\dest6\d\Nouveau DOC Document.doc", 
"FileSize": 0, 
"FileTransferTime": 0 
"time": 11/02/2022 10:03:28 
}
{
"Name": "tahsin", 
"FileSource": "C:\Users\cimbo\Desktop\test\dest6\test2\test.docx", 
"FileTarget": "C:\Users\cimbo\Desktop\test2\dest6\test2\test.docx", 
"FileSize": 0, 
"FileTransferTime": 1 
"time": 11/02/2022 10:03:28 
}
{
"Name": "tahsin", 
"FileSource": "C:\Users\cimbo\Desktop\test\dest7\d\Nouveau DOC Document.doc", 
"FileTarget": "C:\Users\cimbo\Desktop\test2\dest7\d\Nouveau DOC Document.doc", 
"FileSize": 0, 
"FileTransferTime": 1 
"time": 11/02/2022 10:03:28 
}
{
"Name": "tahsin", 
"FileSource": "C:\Users\cimbo\Desktop\test\dest7\test2\test.docx", 
"FileTarget": "C:\Users\cimbo\Desktop\test2\dest7\test2\test.docx", 
"FileSize": 0, 
"FileTransferTime": 0 
"time": 11/02/2022 10:03:28 
}
{
"Name": "tahsin", 
"FileSource": "C:\Users\cimbo\Desktop\test\test2\d\Nouveau DOC Document.doc", 
"FileTarget": "C:\Users\cimbo\Desktop\test2\test2\d\Nouveau DOC Document.doc", 
"FileSize": 0, 
"FileTransferTime": 0 
"time": 11/02/2022 10:03:28 
}
{
"Name": "tahsin", 
"FileSource": "C:\Users\cimbo\Desktop\test\test2\r\Nouveau Microsoft Word 97 - 2003 Template.dot", 
"FileTarget": "C:\Users\cimbo\Desktop\test2\test2\r\Nouveau Microsoft Word 97 - 2003 Template.dot", 
"FileSize": 0, 
"FileTransferTime": 0 
"time": 11/02/2022 10:03:28 
}
{
"Name": "tahsin", 
"FileSource": "C:\Users\cimbo\Desktop\test\test2\test2\test.docx", 
"FileTarget": "C:\Users\cimbo\Desktop\test2\test2\test2\test.docx", 
"FileSize": 0, 
"FileTransferTime": 0 
"time": 11/02/2022 10:03:28 
}
{
"Name": "tahsin", 
"FileSource": "C:\Users\cimbo\Desktop\test\dest10\test2\r\Nouveau Microsoft Word 97 - 2003 Template.dot", 
"FileTarget": "C:\Users\cimbo\Desktop\test2\dest10\test2\r\Nouveau Microsoft Word 97 - 2003 Template.dot", 
"FileSize": 0, 
"FileTransferTime": 0 
"time": 11/02/2022 10:03:28 
}
{
"Name": "tahsin", 
"FileSource": "C:\Users\cimbo\Desktop\test\dest4\test2\r\Nouveau Microsoft Word 97 - 2003 Template.dot", 
"FileTarget": "C:\Users\cimbo\Desktop\test2\dest4\test2\r\Nouveau Microsoft Word 97 - 2003 Template.dot", 
"FileSize": 0, 
"FileTransferTime": 0 
"time": 11/02/2022 10:03:28 
}
{
"Name": "tahsin", 
"FileSource": "C:\Users\cimbo\Desktop\test\dest6\test2\r\Nouveau Microsoft Word 97 - 2003 Template.dot", 
"FileTarget": "C:\Users\cimbo\Desktop\test2\dest6\test2\r\Nouveau Microsoft Word 97 - 2003 Template.dot", 
"FileSize": 0, 
"FileTransferTime": 1 
"time": 11/02/2022 10:03:28 
}
{
"Name": "tahsin", 
"FileSource": "C:\Users\cimbo\Desktop\test\dest7\test2\r\Nouveau Microsoft Word 97 - 2003 Template.dot", 
"FileTarget": "C:\Users\cimbo\Desktop\test2\dest7\test2\r\Nouveau Microsoft Word 97 - 2003 Template.dot", 
"FileSize": 0, 
"FileTransferTime": 1 
"time": 11/02/2022 10:03:28 
}
{
"Name": "tahsin", 
"FileSource": "C:\Users\cimbo\Desktop\test\test2\test2\r\Nouveau Microsoft Word 97 - 2003 Template.dot", 
"FileTarget": "C:\Users\cimbo\Desktop\test2\test2\test2\r\Nouveau Microsoft Word 97 - 2003 Template.dot", 
"FileSize": 0, 
"FileTransferTime": 0 
"time": 11/02/2022 10:03:28 
}
