{
"Name": "test3", 
"SourceDir": "C:\Users\cimbo\Desktop\test", 
"TargetDir": "C:\Users\cimbo\Desktop\test4", 
"State": "active", 
"TotalFilesToCopy": 29, 
"TotalFilesSize": 0, 
"NbFilesLeftToDo": 28 
"Progression": 3,448275862068968 
}
{
"Name": "test3", 
"SourceDir": "C:\Users\cimbo\Desktop\test", 
"TargetDir": "C:\Users\cimbo\Desktop\test4", 
"State": "active", 
"TotalFilesToCopy": 29, 
"TotalFilesSize": 0, 
"NbFilesLeftToDo": 27 
"Progression": 6,896551724137936 
}
{
"Name": "test3", 
"SourceDir": "C:\Users\cimbo\Desktop\test", 
"TargetDir": "C:\Users\cimbo\Desktop\test4", 
"State": "active", 
"TotalFilesToCopy": 29, 
"TotalFilesSize": 0, 
"NbFilesLeftToDo": 26 
"Progression": 10,34482758620689 
}
{
"Name": "test3", 
"SourceDir": "C:\Users\cimbo\Desktop\test", 
"TargetDir": "C:\Users\cimbo\Desktop\test4", 
"State": "active", 
"TotalFilesToCopy": 29, 
"TotalFilesSize": 0, 
"NbFilesLeftToDo": 25 
"Progression": 13,793103448275872 
}
{
"Name": "test3", 
"SourceDir": "C:\Users\cimbo\Desktop\test", 
"TargetDir": "C:\Users\cimbo\Desktop\test4", 
"State": "active", 
"TotalFilesToCopy": 29, 
"TotalFilesSize": 0, 
"NbFilesLeftToDo": 24 
"Progression": 17,241379310344826 
}
{
"Name": "test3", 
"SourceDir": "C:\Users\cimbo\Desktop\test", 
"TargetDir": "C:\Users\cimbo\Desktop\test4", 
"State": "active", 
"TotalFilesToCopy": 29, 
"TotalFilesSize": 0, 
"NbFilesLeftToDo": 23 
"Progression": 20,689655172413794 
}
{
"Name": "test3", 
"SourceDir": "C:\Users\cimbo\Desktop\test", 
"TargetDir": "C:\Users\cimbo\Desktop\test4", 
"State": "active", 
"TotalFilesToCopy": 29, 
"TotalFilesSize": 0, 
"NbFilesLeftToDo": 22 
"Progression": 24,13793103448276 
}
{
"Name": "test3", 
"SourceDir": "C:\Users\cimbo\Desktop\test", 
"TargetDir": "C:\Users\cimbo\Desktop\test4", 
"State": "active", 
"TotalFilesToCopy": 29, 
"TotalFilesSize": 0, 
"NbFilesLeftToDo": 21 
"Progression": 27,58620689655173 
}
{
"Name": "test3", 
"SourceDir": "C:\Users\cimbo\Desktop\test", 
"TargetDir": "C:\Users\cimbo\Desktop\test4", 
"State": "active", 
"TotalFilesToCopy": 29, 
"TotalFilesSize": 0, 
"NbFilesLeftToDo": 20 
"Progression": 31,034482758620683 
}
{
"Name": "test3", 
"SourceDir": "C:\Users\cimbo\Desktop\test", 
"TargetDir": "C:\Users\cimbo\Desktop\test4", 
"State": "active", 
"TotalFilesToCopy": 29, 
"TotalFilesSize": 0, 
"NbFilesLeftToDo": 19 
"Progression": 34,48275862068965 
}
{
"Name": "test3", 
"SourceDir": "C:\Users\cimbo\Desktop\test", 
"TargetDir": "C:\Users\cimbo\Desktop\test4", 
"State": "active", 
"TotalFilesToCopy": 29, 
"TotalFilesSize": 0, 
"NbFilesLeftToDo": 18 
"Progression": 37,93103448275862 
}
{
"Name": "test3", 
"SourceDir": "C:\Users\cimbo\Desktop\test", 
"TargetDir": "C:\Users\cimbo\Desktop\test4", 
"State": "active", 
"TotalFilesToCopy": 29, 
"TotalFilesSize": 0, 
"NbFilesLeftToDo": 17 
"Progression": 41,379310344827594 
}
{
"Name": "test3", 
"SourceDir": "C:\Users\cimbo\Desktop\test", 
"TargetDir": "C:\Users\cimbo\Desktop\test4", 
"State": "active", 
"TotalFilesToCopy": 29, 
"TotalFilesSize": 0, 
"NbFilesLeftToDo": 16 
"Progression": 44,827586206896555 
}
{
"Name": "test3", 
"SourceDir": "C:\Users\cimbo\Desktop\test", 
"TargetDir": "C:\Users\cimbo\Desktop\test4", 
"State": "active", 
"TotalFilesToCopy": 29, 
"TotalFilesSize": 0, 
"NbFilesLeftToDo": 15 
"Progression": 48,275862068965516 
}
{
"Name": "test3", 
"SourceDir": "C:\Users\cimbo\Desktop\test", 
"TargetDir": "C:\Users\cimbo\Desktop\test4", 
"State": "active", 
"TotalFilesToCopy": 29, 
"TotalFilesSize": 0, 
"NbFilesLeftToDo": 14 
"Progression": 51,724137931034484 
}
{
"Name": "test3", 
"SourceDir": "C:\Users\cimbo\Desktop\test", 
"TargetDir": "C:\Users\cimbo\Desktop\test4", 
"State": "active", 
"TotalFilesToCopy": 29, 
"TotalFilesSize": 0, 
"NbFilesLeftToDo": 13 
"Progression": 55,172413793103445 
}
{
"Name": "test3", 
"SourceDir": "C:\Users\cimbo\Desktop\test", 
"TargetDir": "C:\Users\cimbo\Desktop\test4", 
"State": "active", 
"TotalFilesToCopy": 29, 
"TotalFilesSize": 0, 
"NbFilesLeftToDo": 12 
"Progression": 58,62068965517241 
}
{
"Name": "test3", 
"SourceDir": "C:\Users\cimbo\Desktop\test", 
"TargetDir": "C:\Users\cimbo\Desktop\test4", 
"State": "active", 
"TotalFilesToCopy": 29, 
"TotalFilesSize": 0, 
"NbFilesLeftToDo": 11 
"Progression": 62,06896551724138 
}
{
"Name": "test3", 
"SourceDir": "C:\Users\cimbo\Desktop\test", 
"TargetDir": "C:\Users\cimbo\Desktop\test4", 
"State": "active", 
"TotalFilesToCopy": 29, 
"TotalFilesSize": 0, 
"NbFilesLeftToDo": 10 
"Progression": 65,51724137931035 
}
{
"Name": "test3", 
"SourceDir": "C:\Users\cimbo\Desktop\test", 
"TargetDir": "C:\Users\cimbo\Desktop\test4", 
"State": "active", 
"TotalFilesToCopy": 29, 
"TotalFilesSize": 0, 
"NbFilesLeftToDo": 9 
"Progression": 68,9655172413793 
}
{
"Name": "test3", 
"SourceDir": "C:\Users\cimbo\Desktop\test", 
"TargetDir": "C:\Users\cimbo\Desktop\test4", 
"State": "active", 
"TotalFilesToCopy": 29, 
"TotalFilesSize": 0, 
"NbFilesLeftToDo": 8 
"Progression": 72,41379310344828 
}
{
"Name": "test3", 
"SourceDir": "C:\Users\cimbo\Desktop\test", 
"TargetDir": "C:\Users\cimbo\Desktop\test4", 
"State": "active", 
"TotalFilesToCopy": 29, 
"TotalFilesSize": 0, 
"NbFilesLeftToDo": 7 
"Progression": 75,86206896551724 
}
{
"Name": "test3", 
"SourceDir": "C:\Users\cimbo\Desktop\test", 
"TargetDir": "C:\Users\cimbo\Desktop\test4", 
"State": "active", 
"TotalFilesToCopy": 29, 
"TotalFilesSize": 0, 
"NbFilesLeftToDo": 6 
"Progression": 79,3103448275862 
}
{
"Name": "test3", 
"SourceDir": "C:\Users\cimbo\Desktop\test", 
"TargetDir": "C:\Users\cimbo\Desktop\test4", 
"State": "active", 
"TotalFilesToCopy": 29, 
"TotalFilesSize": 0, 
"NbFilesLeftToDo": 5 
"Progression": 82,75862068965517 
}
{
"Name": "test3", 
"SourceDir": "C:\Users\cimbo\Desktop\test", 
"TargetDir": "C:\Users\cimbo\Desktop\test4", 
"State": "active", 
"TotalFilesToCopy": 29, 
"TotalFilesSize": 0, 
"NbFilesLeftToDo": 4 
"Progression": 86,20689655172414 
}
{
"Name": "test3", 
"SourceDir": "C:\Users\cimbo\Desktop\test", 
"TargetDir": "C:\Users\cimbo\Desktop\test4", 
"State": "active", 
"TotalFilesToCopy": 29, 
"TotalFilesSize": 0, 
"NbFilesLeftToDo": 3 
"Progression": 89,65517241379311 
}
{
"Name": "test3", 
"SourceDir": "C:\Users\cimbo\Desktop\test", 
"TargetDir": "C:\Users\cimbo\Desktop\test4", 
"State": "active", 
"TotalFilesToCopy": 29, 
"TotalFilesSize": 0, 
"NbFilesLeftToDo": 2 
"Progression": 93,10344827586206 
}
{
"Name": "test3", 
"SourceDir": "C:\Users\cimbo\Desktop\test", 
"TargetDir": "C:\Users\cimbo\Desktop\test4", 
"State": "active", 
"TotalFilesToCopy": 29, 
"TotalFilesSize": 0, 
"NbFilesLeftToDo": 1 
"Progression": 96,55172413793103 
}
{
"Name": "test3", 
"SourceDir": "C:\Users\cimbo\Desktop\test", 
"TargetDir": "C:\Users\cimbo\Desktop\test4", 
"State": "ended", 
"TotalFilesToCopy": 29, 
"TotalFilesSize": 0, 
"NbFilesLeftToDo": 0 
"Progression": 100 
}
{
"Name": "tahsin", 
"SourceDir": "C:\Users\cimbo\Desktop\test", 
"TargetDir": "C:\Users\cimbo\Desktop\test2", 
"State": "active", 
"TotalFilesToCopy": 31, 
"TotalFilesSize": 58577, 
"NbFilesLeftToDo": 30 
"Progression": 3,225806451612897 
}
{
"Name": "tahsin", 
"SourceDir": "C:\Users\cimbo\Desktop\test", 
"TargetDir": "C:\Users\cimbo\Desktop\test2", 
"State": "active", 
"TotalFilesToCopy": 31, 
"TotalFilesSize": 58577, 
"NbFilesLeftToDo": 29 
"Progression": 6,451612903225808 
}
{
"Name": "tahsin", 
"SourceDir": "C:\Users\cimbo\Desktop\test", 
"TargetDir": "C:\Users\cimbo\Desktop\test2", 
"State": "active", 
"TotalFilesToCopy": 31, 
"TotalFilesSize": 58577, 
"NbFilesLeftToDo": 28 
"Progression": 9,677419354838719 
}
{
"Name": "tahsin", 
"SourceDir": "C:\Users\cimbo\Desktop\test", 
"TargetDir": "C:\Users\cimbo\Desktop\test2", 
"State": "active", 
"TotalFilesToCopy": 31, 
"TotalFilesSize": 58577, 
"NbFilesLeftToDo": 27 
"Progression": 12,903225806451616 
}
{
"Name": "tahsin", 
"SourceDir": "C:\Users\cimbo\Desktop\test", 
"TargetDir": "C:\Users\cimbo\Desktop\test2", 
"State": "active", 
"TotalFilesToCopy": 31, 
"TotalFilesSize": 58577, 
"NbFilesLeftToDo": 26 
"Progression": 16,129032258064512 
}
{
"Name": "tahsin", 
"SourceDir": "C:\Users\cimbo\Desktop\test", 
"TargetDir": "C:\Users\cimbo\Desktop\test2", 
"State": "active", 
"TotalFilesToCopy": 31, 
"TotalFilesSize": 58577, 
"NbFilesLeftToDo": 25 
"Progression": 19,354838709677423 
}
{
"Name": "tahsin", 
"SourceDir": "C:\Users\cimbo\Desktop\test", 
"TargetDir": "C:\Users\cimbo\Desktop\test2", 
"State": "active", 
"TotalFilesToCopy": 31, 
"TotalFilesSize": 58577, 
"NbFilesLeftToDo": 24 
"Progression": 22,58064516129032 
}
{
"Name": "tahsin", 
"SourceDir": "C:\Users\cimbo\Desktop\test", 
"TargetDir": "C:\Users\cimbo\Desktop\test2", 
"State": "active", 
"TotalFilesToCopy": 31, 
"TotalFilesSize": 58577, 
"NbFilesLeftToDo": 23 
"Progression": 25,80645161290323 
}
{
"Name": "tahsin", 
"SourceDir": "C:\Users\cimbo\Desktop\test", 
"TargetDir": "C:\Users\cimbo\Desktop\test2", 
"State": "active", 
"TotalFilesToCopy": 31, 
"TotalFilesSize": 58577, 
"NbFilesLeftToDo": 22 
"Progression": 29,032258064516128 
}
{
"Name": "tahsin", 
"SourceDir": "C:\Users\cimbo\Desktop\test", 
"TargetDir": "C:\Users\cimbo\Desktop\test2", 
"State": "active", 
"TotalFilesToCopy": 31, 
"TotalFilesSize": 58577, 
"NbFilesLeftToDo": 21 
"Progression": 32,25806451612904 
}
{
"Name": "tahsin", 
"SourceDir": "C:\Users\cimbo\Desktop\test", 
"TargetDir": "C:\Users\cimbo\Desktop\test2", 
"State": "active", 
"TotalFilesToCopy": 31, 
"TotalFilesSize": 58577, 
"NbFilesLeftToDo": 20 
"Progression": 35,483870967741936 
}
{
"Name": "tahsin", 
"SourceDir": "C:\Users\cimbo\Desktop\test", 
"TargetDir": "C:\Users\cimbo\Desktop\test2", 
"State": "active", 
"TotalFilesToCopy": 31, 
"TotalFilesSize": 58577, 
"NbFilesLeftToDo": 19 
"Progression": 38,70967741935484 
}
{
"Name": "tahsin", 
"SourceDir": "C:\Users\cimbo\Desktop\test", 
"TargetDir": "C:\Users\cimbo\Desktop\test2", 
"State": "active", 
"TotalFilesToCopy": 31, 
"TotalFilesSize": 58577, 
"NbFilesLeftToDo": 18 
"Progression": 41,93548387096774 
}
{
"Name": "tahsin", 
"SourceDir": "C:\Users\cimbo\Desktop\test", 
"TargetDir": "C:\Users\cimbo\Desktop\test2", 
"State": "active", 
"TotalFilesToCopy": 31, 
"TotalFilesSize": 58577, 
"NbFilesLeftToDo": 17 
"Progression": 45,16129032258065 
}
{
"Name": "tahsin", 
"SourceDir": "C:\Users\cimbo\Desktop\test", 
"TargetDir": "C:\Users\cimbo\Desktop\test2", 
"State": "active", 
"TotalFilesToCopy": 31, 
"TotalFilesSize": 58577, 
"NbFilesLeftToDo": 16 
"Progression": 48,38709677419355 
}
{
"Name": "tahsin", 
"SourceDir": "C:\Users\cimbo\Desktop\test", 
"TargetDir": "C:\Users\cimbo\Desktop\test2", 
"State": "active", 
"TotalFilesToCopy": 31, 
"TotalFilesSize": 58577, 
"NbFilesLeftToDo": 15 
"Progression": 51,61290322580645 
}
{
"Name": "tahsin", 
"SourceDir": "C:\Users\cimbo\Desktop\test", 
"TargetDir": "C:\Users\cimbo\Desktop\test2", 
"State": "active", 
"TotalFilesToCopy": 31, 
"TotalFilesSize": 58577, 
"NbFilesLeftToDo": 14 
"Progression": 54,83870967741936 
}
{
"Name": "tahsin", 
"SourceDir": "C:\Users\cimbo\Desktop\test", 
"TargetDir": "C:\Users\cimbo\Desktop\test2", 
"State": "active", 
"TotalFilesToCopy": 31, 
"TotalFilesSize": 58577, 
"NbFilesLeftToDo": 13 
"Progression": 58,064516129032256 
}
{
"Name": "tahsin", 
"SourceDir": "C:\Users\cimbo\Desktop\test", 
"TargetDir": "C:\Users\cimbo\Desktop\test2", 
"State": "active", 
"TotalFilesToCopy": 31, 
"TotalFilesSize": 58577, 
"NbFilesLeftToDo": 12 
"Progression": 61,29032258064516 
}
{
"Name": "tahsin", 
"SourceDir": "C:\Users\cimbo\Desktop\test", 
"TargetDir": "C:\Users\cimbo\Desktop\test2", 
"State": "active", 
"TotalFilesToCopy": 31, 
"TotalFilesSize": 58577, 
"NbFilesLeftToDo": 11 
"Progression": 64,51612903225806 
}
{
"Name": "tahsin", 
"SourceDir": "C:\Users\cimbo\Desktop\test", 
"TargetDir": "C:\Users\cimbo\Desktop\test2", 
"State": "active", 
"TotalFilesToCopy": 31, 
"TotalFilesSize": 58577, 
"NbFilesLeftToDo": 10 
"Progression": 67,74193548387098 
}
{
"Name": "tahsin", 
"SourceDir": "C:\Users\cimbo\Desktop\test", 
"TargetDir": "C:\Users\cimbo\Desktop\test2", 
"State": "active", 
"TotalFilesToCopy": 31, 
"TotalFilesSize": 58577, 
"NbFilesLeftToDo": 9 
"Progression": 70,96774193548387 
}
{
"Name": "tahsin", 
"SourceDir": "C:\Users\cimbo\Desktop\test", 
"TargetDir": "C:\Users\cimbo\Desktop\test2", 
"State": "active", 
"TotalFilesToCopy": 31, 
"TotalFilesSize": 58577, 
"NbFilesLeftToDo": 8 
"Progression": 74,19354838709677 
}
{
"Name": "tahsin", 
"SourceDir": "C:\Users\cimbo\Desktop\test", 
"TargetDir": "C:\Users\cimbo\Desktop\test2", 
"State": "active", 
"TotalFilesToCopy": 31, 
"TotalFilesSize": 58577, 
"NbFilesLeftToDo": 7 
"Progression": 77,41935483870968 
}
{
"Name": "tahsin", 
"SourceDir": "C:\Users\cimbo\Desktop\test", 
"TargetDir": "C:\Users\cimbo\Desktop\test2", 
"State": "active", 
"TotalFilesToCopy": 31, 
"TotalFilesSize": 58577, 
"NbFilesLeftToDo": 6 
"Progression": 80,64516129032258 
}
{
"Name": "tahsin", 
"SourceDir": "C:\Users\cimbo\Desktop\test", 
"TargetDir": "C:\Users\cimbo\Desktop\test2", 
"State": "active", 
"TotalFilesToCopy": 31, 
"TotalFilesSize": 58577, 
"NbFilesLeftToDo": 5 
"Progression": 83,87096774193549 
}
{
"Name": "tahsin", 
"SourceDir": "C:\Users\cimbo\Desktop\test", 
"TargetDir": "C:\Users\cimbo\Desktop\test2", 
"State": "active", 
"TotalFilesToCopy": 31, 
"TotalFilesSize": 58577, 
"NbFilesLeftToDo": 4 
"Progression": 87,09677419354838 
}
{
"Name": "tahsin", 
"SourceDir": "C:\Users\cimbo\Desktop\test", 
"TargetDir": "C:\Users\cimbo\Desktop\test2", 
"State": "active", 
"TotalFilesToCopy": 31, 
"TotalFilesSize": 58577, 
"NbFilesLeftToDo": 3 
"Progression": 90,3225806451613 
}
{
"Name": "tahsin", 
"SourceDir": "C:\Users\cimbo\Desktop\test", 
"TargetDir": "C:\Users\cimbo\Desktop\test2", 
"State": "active", 
"TotalFilesToCopy": 31, 
"TotalFilesSize": 58577, 
"NbFilesLeftToDo": 2 
"Progression": 93,54838709677419 
}
{
"Name": "tahsin", 
"SourceDir": "C:\Users\cimbo\Desktop\test", 
"TargetDir": "C:\Users\cimbo\Desktop\test2", 
"State": "active", 
"TotalFilesToCopy": 31, 
"TotalFilesSize": 58577, 
"NbFilesLeftToDo": 1 
"Progression": 96,7741935483871 
}
{
"Name": "tahsin", 
"SourceDir": "C:\Users\cimbo\Desktop\test", 
"TargetDir": "C:\Users\cimbo\Desktop\test2", 
"State": "ended", 
"TotalFilesToCopy": 31, 
"TotalFilesSize": 58577, 
"NbFilesLeftToDo": 0 
"Progression": 100 
}
{
"Name": "test", 
"SourceDir": "C:\Users\cimbo\Desktop\test", 
"TargetDir": "C:\Users\cimbo\Desktop\test51", 
"State": "active", 
"TotalFilesToCopy": 29, 
"TotalFilesSize": 0, 
"NbFilesLeftToDo": 28 
"Progression": 3,448275862068968 
}
{
"Name": "test", 
"SourceDir": "C:\Users\cimbo\Desktop\test", 
"TargetDir": "C:\Users\cimbo\Desktop\test51", 
"State": "active", 
"TotalFilesToCopy": 29, 
"TotalFilesSize": 0, 
"NbFilesLeftToDo": 27 
"Progression": 6,896551724137936 
}
{
"Name": "test", 
"SourceDir": "C:\Users\cimbo\Desktop\test", 
"TargetDir": "C:\Users\cimbo\Desktop\test51", 
"State": "active", 
"TotalFilesToCopy": 29, 
"TotalFilesSize": 0, 
"NbFilesLeftToDo": 26 
"Progression": 10,34482758620689 
}
{
"Name": "test", 
"SourceDir": "C:\Users\cimbo\Desktop\test", 
"TargetDir": "C:\Users\cimbo\Desktop\test51", 
"State": "active", 
"TotalFilesToCopy": 29, 
"TotalFilesSize": 0, 
"NbFilesLeftToDo": 25 
"Progression": 13,793103448275872 
}
{
"Name": "test", 
"SourceDir": "C:\Users\cimbo\Desktop\test", 
"TargetDir": "C:\Users\cimbo\Desktop\test51", 
"State": "active", 
"TotalFilesToCopy": 29, 
"TotalFilesSize": 0, 
"NbFilesLeftToDo": 24 
"Progression": 17,241379310344826 
}
{
"Name": "test", 
"SourceDir": "C:\Users\cimbo\Desktop\test", 
"TargetDir": "C:\Users\cimbo\Desktop\test51", 
"State": "active", 
"TotalFilesToCopy": 29, 
"TotalFilesSize": 0, 
"NbFilesLeftToDo": 23 
"Progression": 20,689655172413794 
}
{
"Name": "test", 
"SourceDir": "C:\Users\cimbo\Desktop\test", 
"TargetDir": "C:\Users\cimbo\Desktop\test51", 
"State": "active", 
"TotalFilesToCopy": 29, 
"TotalFilesSize": 0, 
"NbFilesLeftToDo": 22 
"Progression": 24,13793103448276 
}
{
"Name": "test", 
"SourceDir": "C:\Users\cimbo\Desktop\test", 
"TargetDir": "C:\Users\cimbo\Desktop\test51", 
"State": "active", 
"TotalFilesToCopy": 29, 
"TotalFilesSize": 0, 
"NbFilesLeftToDo": 21 
"Progression": 27,58620689655173 
}
{
"Name": "test", 
"SourceDir": "C:\Users\cimbo\Desktop\test", 
"TargetDir": "C:\Users\cimbo\Desktop\test51", 
"State": "active", 
"TotalFilesToCopy": 29, 
"TotalFilesSize": 0, 
"NbFilesLeftToDo": 20 
"Progression": 31,034482758620683 
}
{
"Name": "test", 
"SourceDir": "C:\Users\cimbo\Desktop\test", 
"TargetDir": "C:\Users\cimbo\Desktop\test51", 
"State": "active", 
"TotalFilesToCopy": 29, 
"TotalFilesSize": 0, 
"NbFilesLeftToDo": 19 
"Progression": 34,48275862068965 
}
{
"Name": "test", 
"SourceDir": "C:\Users\cimbo\Desktop\test", 
"TargetDir": "C:\Users\cimbo\Desktop\test51", 
"State": "active", 
"TotalFilesToCopy": 29, 
"TotalFilesSize": 0, 
"NbFilesLeftToDo": 18 
"Progression": 37,93103448275862 
}
{
"Name": "test", 
"SourceDir": "C:\Users\cimbo\Desktop\test", 
"TargetDir": "C:\Users\cimbo\Desktop\test51", 
"State": "active", 
"TotalFilesToCopy": 29, 
"TotalFilesSize": 0, 
"NbFilesLeftToDo": 17 
"Progression": 41,379310344827594 
}
{
"Name": "test", 
"SourceDir": "C:\Users\cimbo\Desktop\test", 
"TargetDir": "C:\Users\cimbo\Desktop\test51", 
"State": "active", 
"TotalFilesToCopy": 29, 
"TotalFilesSize": 0, 
"NbFilesLeftToDo": 16 
"Progression": 44,827586206896555 
}
{
"Name": "test", 
"SourceDir": "C:\Users\cimbo\Desktop\test", 
"TargetDir": "C:\Users\cimbo\Desktop\test51", 
"State": "active", 
"TotalFilesToCopy": 29, 
"TotalFilesSize": 0, 
"NbFilesLeftToDo": 15 
"Progression": 48,275862068965516 
}
{
"Name": "test", 
"SourceDir": "C:\Users\cimbo\Desktop\test", 
"TargetDir": "C:\Users\cimbo\Desktop\test51", 
"State": "active", 
"TotalFilesToCopy": 29, 
"TotalFilesSize": 0, 
"NbFilesLeftToDo": 14 
"Progression": 51,724137931034484 
}
{
"Name": "test", 
"SourceDir": "C:\Users\cimbo\Desktop\test", 
"TargetDir": "C:\Users\cimbo\Desktop\test51", 
"State": "active", 
"TotalFilesToCopy": 29, 
"TotalFilesSize": 0, 
"NbFilesLeftToDo": 13 
"Progression": 55,172413793103445 
}
{
"Name": "test", 
"SourceDir": "C:\Users\cimbo\Desktop\test", 
"TargetDir": "C:\Users\cimbo\Desktop\test51", 
"State": "active", 
"TotalFilesToCopy": 29, 
"TotalFilesSize": 0, 
"NbFilesLeftToDo": 12 
"Progression": 58,62068965517241 
}
{
"Name": "test", 
"SourceDir": "C:\Users\cimbo\Desktop\test", 
"TargetDir": "C:\Users\cimbo\Desktop\test51", 
"State": "active", 
"TotalFilesToCopy": 29, 
"TotalFilesSize": 0, 
"NbFilesLeftToDo": 11 
"Progression": 62,06896551724138 
}
{
"Name": "test", 
"SourceDir": "C:\Users\cimbo\Desktop\test", 
"TargetDir": "C:\Users\cimbo\Desktop\test51", 
"State": "active", 
"TotalFilesToCopy": 29, 
"TotalFilesSize": 0, 
"NbFilesLeftToDo": 10 
"Progression": 65,51724137931035 
}
{
"Name": "test", 
"SourceDir": "C:\Users\cimbo\Desktop\test", 
"TargetDir": "C:\Users\cimbo\Desktop\test51", 
"State": "active", 
"TotalFilesToCopy": 29, 
"TotalFilesSize": 0, 
"NbFilesLeftToDo": 9 
"Progression": 68,9655172413793 
}
{
"Name": "test", 
"SourceDir": "C:\Users\cimbo\Desktop\test", 
"TargetDir": "C:\Users\cimbo\Desktop\test51", 
"State": "active", 
"TotalFilesToCopy": 29, 
"TotalFilesSize": 0, 
"NbFilesLeftToDo": 8 
"Progression": 72,41379310344828 
}
{
"Name": "test", 
"SourceDir": "C:\Users\cimbo\Desktop\test", 
"TargetDir": "C:\Users\cimbo\Desktop\test51", 
"State": "active", 
"TotalFilesToCopy": 29, 
"TotalFilesSize": 0, 
"NbFilesLeftToDo": 7 
"Progression": 75,86206896551724 
}
{
"Name": "test", 
"SourceDir": "C:\Users\cimbo\Desktop\test", 
"TargetDir": "C:\Users\cimbo\Desktop\test51", 
"State": "active", 
"TotalFilesToCopy": 29, 
"TotalFilesSize": 0, 
"NbFilesLeftToDo": 6 
"Progression": 79,3103448275862 
}
{
"Name": "test", 
"SourceDir": "C:\Users\cimbo\Desktop\test", 
"TargetDir": "C:\Users\cimbo\Desktop\test51", 
"State": "active", 
"TotalFilesToCopy": 29, 
"TotalFilesSize": 0, 
"NbFilesLeftToDo": 5 
"Progression": 82,75862068965517 
}
{
"Name": "test", 
"SourceDir": "C:\Users\cimbo\Desktop\test", 
"TargetDir": "C:\Users\cimbo\Desktop\test51", 
"State": "active", 
"TotalFilesToCopy": 29, 
"TotalFilesSize": 0, 
"NbFilesLeftToDo": 4 
"Progression": 86,20689655172414 
}
{
"Name": "test", 
"SourceDir": "C:\Users\cimbo\Desktop\test", 
"TargetDir": "C:\Users\cimbo\Desktop\test51", 
"State": "active", 
"TotalFilesToCopy": 29, 
"TotalFilesSize": 0, 
"NbFilesLeftToDo": 3 
"Progression": 89,65517241379311 
}
{
"Name": "test", 
"SourceDir": "C:\Users\cimbo\Desktop\test", 
"TargetDir": "C:\Users\cimbo\Desktop\test51", 
"State": "active", 
"TotalFilesToCopy": 29, 
"TotalFilesSize": 0, 
"NbFilesLeftToDo": 2 
"Progression": 93,10344827586206 
}
{
"Name": "test", 
"SourceDir": "C:\Users\cimbo\Desktop\test", 
"TargetDir": "C:\Users\cimbo\Desktop\test51", 
"State": "active", 
"TotalFilesToCopy": 29, 
"TotalFilesSize": 0, 
"NbFilesLeftToDo": 1 
"Progression": 96,55172413793103 
}
{
"Name": "test", 
"SourceDir": "C:\Users\cimbo\Desktop\test", 
"TargetDir": "C:\Users\cimbo\Desktop\test51", 
"State": "ended", 
"TotalFilesToCopy": 29, 
"TotalFilesSize": 0, 
"NbFilesLeftToDo": 0 
"Progression": 100 
}
{
"Name": "test", 
"SourceDir": "C:\Users\cimbo\Desktop\test", 
"TargetDir": "C:\Users\cimbo\Desktop\test51", 
"State": "active", 
"TotalFilesToCopy": 29, 
"TotalFilesSize": 0, 
"NbFilesLeftToDo": 28 
"Progression": 3,448275862068968 
}
{
"Name": "test", 
"SourceDir": "C:\Users\cimbo\Desktop\test", 
"TargetDir": "C:\Users\cimbo\Desktop\test51", 
"State": "active", 
"TotalFilesToCopy": 29, 
"TotalFilesSize": 0, 
"NbFilesLeftToDo": 27 
"Progression": 6,896551724137936 
}
{
"Name": "test", 
"SourceDir": "C:\Users\cimbo\Desktop\test", 
"TargetDir": "C:\Users\cimbo\Desktop\test51", 
"State": "active", 
"TotalFilesToCopy": 29, 
"TotalFilesSize": 0, 
"NbFilesLeftToDo": 26 
"Progression": 10,34482758620689 
}
{
"Name": "test", 
"SourceDir": "C:\Users\cimbo\Desktop\test", 
"TargetDir": "C:\Users\cimbo\Desktop\test51", 
"State": "active", 
"TotalFilesToCopy": 29, 
"TotalFilesSize": 0, 
"NbFilesLeftToDo": 25 
"Progression": 13,793103448275872 
}
{
"Name": "test", 
"SourceDir": "C:\Users\cimbo\Desktop\test", 
"TargetDir": "C:\Users\cimbo\Desktop\test51", 
"State": "active", 
"TotalFilesToCopy": 29, 
"TotalFilesSize": 0, 
"NbFilesLeftToDo": 24 
"Progression": 17,241379310344826 
}
{
"Name": "test", 
"SourceDir": "C:\Users\cimbo\Desktop\test", 
"TargetDir": "C:\Users\cimbo\Desktop\test51", 
"State": "active", 
"TotalFilesToCopy": 29, 
"TotalFilesSize": 0, 
"NbFilesLeftToDo": 23 
"Progression": 20,689655172413794 
}
{
"Name": "test", 
"SourceDir": "C:\Users\cimbo\Desktop\test", 
"TargetDir": "C:\Users\cimbo\Desktop\test51", 
"State": "active", 
"TotalFilesToCopy": 29, 
"TotalFilesSize": 0, 
"NbFilesLeftToDo": 22 
"Progression": 24,13793103448276 
}
{
"Name": "test", 
"SourceDir": "C:\Users\cimbo\Desktop\test", 
"TargetDir": "C:\Users\cimbo\Desktop\test51", 
"State": "active", 
"TotalFilesToCopy": 29, 
"TotalFilesSize": 0, 
"NbFilesLeftToDo": 21 
"Progression": 27,58620689655173 
}
{
"Name": "test", 
"SourceDir": "C:\Users\cimbo\Desktop\test", 
"TargetDir": "C:\Users\cimbo\Desktop\test51", 
"State": "active", 
"TotalFilesToCopy": 29, 
"TotalFilesSize": 0, 
"NbFilesLeftToDo": 20 
"Progression": 31,034482758620683 
}
{
"Name": "test", 
"SourceDir": "C:\Users\cimbo\Desktop\test", 
"TargetDir": "C:\Users\cimbo\Desktop\test51", 
"State": "active", 
"TotalFilesToCopy": 29, 
"TotalFilesSize": 0, 
"NbFilesLeftToDo": 19 
"Progression": 34,48275862068965 
}
{
"Name": "test", 
"SourceDir": "C:\Users\cimbo\Desktop\test", 
"TargetDir": "C:\Users\cimbo\Desktop\test51", 
"State": "active", 
"TotalFilesToCopy": 29, 
"TotalFilesSize": 0, 
"NbFilesLeftToDo": 18 
"Progression": 37,93103448275862 
}
{
"Name": "test", 
"SourceDir": "C:\Users\cimbo\Desktop\test", 
"TargetDir": "C:\Users\cimbo\Desktop\test51", 
"State": "active", 
"TotalFilesToCopy": 29, 
"TotalFilesSize": 0, 
"NbFilesLeftToDo": 17 
"Progression": 41,379310344827594 
}
{
"Name": "test", 
"SourceDir": "C:\Users\cimbo\Desktop\test", 
"TargetDir": "C:\Users\cimbo\Desktop\test51", 
"State": "active", 
"TotalFilesToCopy": 29, 
"TotalFilesSize": 0, 
"NbFilesLeftToDo": 16 
"Progression": 44,827586206896555 
}
{
"Name": "test", 
"SourceDir": "C:\Users\cimbo\Desktop\test", 
"TargetDir": "C:\Users\cimbo\Desktop\test51", 
"State": "active", 
"TotalFilesToCopy": 29, 
"TotalFilesSize": 0, 
"NbFilesLeftToDo": 15 
"Progression": 48,275862068965516 
}
{
"Name": "test", 
"SourceDir": "C:\Users\cimbo\Desktop\test", 
"TargetDir": "C:\Users\cimbo\Desktop\test51", 
"State": "active", 
"TotalFilesToCopy": 29, 
"TotalFilesSize": 0, 
"NbFilesLeftToDo": 14 
"Progression": 51,724137931034484 
}
{
"Name": "test", 
"SourceDir": "C:\Users\cimbo\Desktop\test", 
"TargetDir": "C:\Users\cimbo\Desktop\test51", 
"State": "active", 
"TotalFilesToCopy": 29, 
"TotalFilesSize": 0, 
"NbFilesLeftToDo": 13 
"Progression": 55,172413793103445 
}
{
"Name": "test", 
"SourceDir": "C:\Users\cimbo\Desktop\test", 
"TargetDir": "C:\Users\cimbo\Desktop\test51", 
"State": "active", 
"TotalFilesToCopy": 29, 
"TotalFilesSize": 0, 
"NbFilesLeftToDo": 12 
"Progression": 58,62068965517241 
}
{
"Name": "test", 
"SourceDir": "C:\Users\cimbo\Desktop\test", 
"TargetDir": "C:\Users\cimbo\Desktop\test51", 
"State": "active", 
"TotalFilesToCopy": 29, 
"TotalFilesSize": 0, 
"NbFilesLeftToDo": 11 
"Progression": 62,06896551724138 
}
{
"Name": "test", 
"SourceDir": "C:\Users\cimbo\Desktop\test", 
"TargetDir": "C:\Users\cimbo\Desktop\test51", 
"State": "active", 
"TotalFilesToCopy": 29, 
"TotalFilesSize": 0, 
"NbFilesLeftToDo": 10 
"Progression": 65,51724137931035 
}
{
"Name": "test", 
"SourceDir": "C:\Users\cimbo\Desktop\test", 
"TargetDir": "C:\Users\cimbo\Desktop\test51", 
"State": "active", 
"TotalFilesToCopy": 29, 
"TotalFilesSize": 0, 
"NbFilesLeftToDo": 9 
"Progression": 68,9655172413793 
}
{
"Name": "test", 
"SourceDir": "C:\Users\cimbo\Desktop\test", 
"TargetDir": "C:\Users\cimbo\Desktop\test51", 
"State": "active", 
"TotalFilesToCopy": 29, 
"TotalFilesSize": 0, 
"NbFilesLeftToDo": 8 
"Progression": 72,41379310344828 
}
{
"Name": "test", 
"SourceDir": "C:\Users\cimbo\Desktop\test", 
"TargetDir": "C:\Users\cimbo\Desktop\test51", 
"State": "active", 
"TotalFilesToCopy": 29, 
"TotalFilesSize": 0, 
"NbFilesLeftToDo": 7 
"Progression": 75,86206896551724 
}
{
"Name": "test", 
"SourceDir": "C:\Users\cimbo\Desktop\test", 
"TargetDir": "C:\Users\cimbo\Desktop\test51", 
"State": "active", 
"TotalFilesToCopy": 29, 
"TotalFilesSize": 0, 
"NbFilesLeftToDo": 6 
"Progression": 79,3103448275862 
}
{
"Name": "test", 
"SourceDir": "C:\Users\cimbo\Desktop\test", 
"TargetDir": "C:\Users\cimbo\Desktop\test51", 
"State": "active", 
"TotalFilesToCopy": 29, 
"TotalFilesSize": 0, 
"NbFilesLeftToDo": 5 
"Progression": 82,75862068965517 
}
{
"Name": "test", 
"SourceDir": "C:\Users\cimbo\Desktop\test", 
"TargetDir": "C:\Users\cimbo\Desktop\test51", 
"State": "active", 
"TotalFilesToCopy": 29, 
"TotalFilesSize": 0, 
"NbFilesLeftToDo": 4 
"Progression": 86,20689655172414 
}
{
"Name": "test", 
"SourceDir": "C:\Users\cimbo\Desktop\test", 
"TargetDir": "C:\Users\cimbo\Desktop\test51", 
"State": "active", 
"TotalFilesToCopy": 29, 
"TotalFilesSize": 0, 
"NbFilesLeftToDo": 3 
"Progression": 89,65517241379311 
}
{
"Name": "test", 
"SourceDir": "C:\Users\cimbo\Desktop\test", 
"TargetDir": "C:\Users\cimbo\Desktop\test51", 
"State": "active", 
"TotalFilesToCopy": 29, 
"TotalFilesSize": 0, 
"NbFilesLeftToDo": 2 
"Progression": 93,10344827586206 
}
{
"Name": "test", 
"SourceDir": "C:\Users\cimbo\Desktop\test", 
"TargetDir": "C:\Users\cimbo\Desktop\test51", 
"State": "active", 
"TotalFilesToCopy": 29, 
"TotalFilesSize": 0, 
"NbFilesLeftToDo": 1 
"Progression": 96,55172413793103 
}
{
"Name": "test", 
"SourceDir": "C:\Users\cimbo\Desktop\test", 
"TargetDir": "C:\Users\cimbo\Desktop\test51", 
"State": "ended", 
"TotalFilesToCopy": 29, 
"TotalFilesSize": 0, 
"NbFilesLeftToDo": 0 
"Progression": 100 
}
{
"Name": "test", 
"SourceDir": "C:\Users\cimbo\Desktop\test", 
"TargetDir": "C:\Users\cimbo\Desktop\test51", 
"State": "active", 
"TotalFilesToCopy": 29, 
"TotalFilesSize": 0, 
"NbFilesLeftToDo": 28 
"Progression": 3,448275862068968 
}
{
"Name": "test", 
"SourceDir": "C:\Users\cimbo\Desktop\test", 
"TargetDir": "C:\Users\cimbo\Desktop\test51", 
"State": "active", 
"TotalFilesToCopy": 29, 
"TotalFilesSize": 0, 
"NbFilesLeftToDo": 27 
"Progression": 6,896551724137936 
}
{
"Name": "test", 
"SourceDir": "C:\Users\cimbo\Desktop\test", 
"TargetDir": "C:\Users\cimbo\Desktop\test51", 
"State": "active", 
"TotalFilesToCopy": 29, 
"TotalFilesSize": 0, 
"NbFilesLeftToDo": 26 
"Progression": 10,34482758620689 
}
{
"Name": "test", 
"SourceDir": "C:\Users\cimbo\Desktop\test", 
"TargetDir": "C:\Users\cimbo\Desktop\test51", 
"State": "active", 
"TotalFilesToCopy": 29, 
"TotalFilesSize": 0, 
"NbFilesLeftToDo": 25 
"Progression": 13,793103448275872 
}
{
"Name": "test", 
"SourceDir": "C:\Users\cimbo\Desktop\test", 
"TargetDir": "C:\Users\cimbo\Desktop\test51", 
"State": "active", 
"TotalFilesToCopy": 29, 
"TotalFilesSize": 0, 
"NbFilesLeftToDo": 24 
"Progression": 17,241379310344826 
}
{
"Name": "test", 
"SourceDir": "C:\Users\cimbo\Desktop\test", 
"TargetDir": "C:\Users\cimbo\Desktop\test51", 
"State": "active", 
"TotalFilesToCopy": 29, 
"TotalFilesSize": 0, 
"NbFilesLeftToDo": 23 
"Progression": 20,689655172413794 
}
{
"Name": "test", 
"SourceDir": "C:\Users\cimbo\Desktop\test", 
"TargetDir": "C:\Users\cimbo\Desktop\test51", 
"State": "active", 
"TotalFilesToCopy": 29, 
"TotalFilesSize": 0, 
"NbFilesLeftToDo": 22 
"Progression": 24,13793103448276 
}
{
"Name": "test", 
"SourceDir": "C:\Users\cimbo\Desktop\test", 
"TargetDir": "C:\Users\cimbo\Desktop\test51", 
"State": "active", 
"TotalFilesToCopy": 29, 
"TotalFilesSize": 0, 
"NbFilesLeftToDo": 21 
"Progression": 27,58620689655173 
}
{
"Name": "test", 
"SourceDir": "C:\Users\cimbo\Desktop\test", 
"TargetDir": "C:\Users\cimbo\Desktop\test51", 
"State": "active", 
"TotalFilesToCopy": 29, 
"TotalFilesSize": 0, 
"NbFilesLeftToDo": 20 
"Progression": 31,034482758620683 
}
{
"Name": "test", 
"SourceDir": "C:\Users\cimbo\Desktop\test", 
"TargetDir": "C:\Users\cimbo\Desktop\test51", 
"State": "active", 
"TotalFilesToCopy": 29, 
"TotalFilesSize": 0, 
"NbFilesLeftToDo": 19 
"Progression": 34,48275862068965 
}
{
"Name": "test", 
"SourceDir": "C:\Users\cimbo\Desktop\test", 
"TargetDir": "C:\Users\cimbo\Desktop\test51", 
"State": "active", 
"TotalFilesToCopy": 29, 
"TotalFilesSize": 0, 
"NbFilesLeftToDo": 18 
"Progression": 37,93103448275862 
}
{
"Name": "test", 
"SourceDir": "C:\Users\cimbo\Desktop\test", 
"TargetDir": "C:\Users\cimbo\Desktop\test51", 
"State": "active", 
"TotalFilesToCopy": 29, 
"TotalFilesSize": 0, 
"NbFilesLeftToDo": 17 
"Progression": 41,379310344827594 
}
{
"Name": "test", 
"SourceDir": "C:\Users\cimbo\Desktop\test", 
"TargetDir": "C:\Users\cimbo\Desktop\test51", 
"State": "active", 
"TotalFilesToCopy": 29, 
"TotalFilesSize": 0, 
"NbFilesLeftToDo": 16 
"Progression": 44,827586206896555 
}
{
"Name": "test", 
"SourceDir": "C:\Users\cimbo\Desktop\test", 
"TargetDir": "C:\Users\cimbo\Desktop\test51", 
"State": "active", 
"TotalFilesToCopy": 29, 
"TotalFilesSize": 0, 
"NbFilesLeftToDo": 15 
"Progression": 48,275862068965516 
}
{
"Name": "test", 
"SourceDir": "C:\Users\cimbo\Desktop\test", 
"TargetDir": "C:\Users\cimbo\Desktop\test51", 
"State": "active", 
"TotalFilesToCopy": 29, 
"TotalFilesSize": 0, 
"NbFilesLeftToDo": 14 
"Progression": 51,724137931034484 
}
{
"Name": "test", 
"SourceDir": "C:\Users\cimbo\Desktop\test", 
"TargetDir": "C:\Users\cimbo\Desktop\test51", 
"State": "active", 
"TotalFilesToCopy": 29, 
"TotalFilesSize": 0, 
"NbFilesLeftToDo": 13 
"Progression": 55,172413793103445 
}
{
"Name": "test", 
"SourceDir": "C:\Users\cimbo\Desktop\test", 
"TargetDir": "C:\Users\cimbo\Desktop\test51", 
"State": "active", 
"TotalFilesToCopy": 29, 
"TotalFilesSize": 0, 
"NbFilesLeftToDo": 12 
"Progression": 58,62068965517241 
}
{
"Name": "test", 
"SourceDir": "C:\Users\cimbo\Desktop\test", 
"TargetDir": "C:\Users\cimbo\Desktop\test51", 
"State": "active", 
"TotalFilesToCopy": 29, 
"TotalFilesSize": 0, 
"NbFilesLeftToDo": 11 
"Progression": 62,06896551724138 
}
{
"Name": "test", 
"SourceDir": "C:\Users\cimbo\Desktop\test", 
"TargetDir": "C:\Users\cimbo\Desktop\test51", 
"State": "active", 
"TotalFilesToCopy": 29, 
"TotalFilesSize": 0, 
"NbFilesLeftToDo": 10 
"Progression": 65,51724137931035 
}
{
"Name": "test", 
"SourceDir": "C:\Users\cimbo\Desktop\test", 
"TargetDir": "C:\Users\cimbo\Desktop\test51", 
"State": "active", 
"TotalFilesToCopy": 29, 
"TotalFilesSize": 0, 
"NbFilesLeftToDo": 9 
"Progression": 68,9655172413793 
}
{
"Name": "test", 
"SourceDir": "C:\Users\cimbo\Desktop\test", 
"TargetDir": "C:\Users\cimbo\Desktop\test51", 
"State": "active", 
"TotalFilesToCopy": 29, 
"TotalFilesSize": 0, 
"NbFilesLeftToDo": 8 
"Progression": 72,41379310344828 
}
{
"Name": "test", 
"SourceDir": "C:\Users\cimbo\Desktop\test", 
"TargetDir": "C:\Users\cimbo\Desktop\test51", 
"State": "active", 
"TotalFilesToCopy": 29, 
"TotalFilesSize": 0, 
"NbFilesLeftToDo": 7 
"Progression": 75,86206896551724 
}
{
"Name": "test", 
"SourceDir": "C:\Users\cimbo\Desktop\test", 
"TargetDir": "C:\Users\cimbo\Desktop\test51", 
"State": "active", 
"TotalFilesToCopy": 29, 
"TotalFilesSize": 0, 
"NbFilesLeftToDo": 6 
"Progression": 79,3103448275862 
}
{
"Name": "test", 
"SourceDir": "C:\Users\cimbo\Desktop\test", 
"TargetDir": "C:\Users\cimbo\Desktop\test51", 
"State": "active", 
"TotalFilesToCopy": 29, 
"TotalFilesSize": 0, 
"NbFilesLeftToDo": 5 
"Progression": 82,75862068965517 
}
{
"Name": "test", 
"SourceDir": "C:\Users\cimbo\Desktop\test", 
"TargetDir": "C:\Users\cimbo\Desktop\test51", 
"State": "active", 
"TotalFilesToCopy": 29, 
"TotalFilesSize": 0, 
"NbFilesLeftToDo": 4 
"Progression": 86,20689655172414 
}
{
"Name": "test", 
"SourceDir": "C:\Users\cimbo\Desktop\test", 
"TargetDir": "C:\Users\cimbo\Desktop\test51", 
"State": "active", 
"TotalFilesToCopy": 29, 
"TotalFilesSize": 0, 
"NbFilesLeftToDo": 3 
"Progression": 89,65517241379311 
}
{
"Name": "test", 
"SourceDir": "C:\Users\cimbo\Desktop\test", 
"TargetDir": "C:\Users\cimbo\Desktop\test51", 
"State": "active", 
"TotalFilesToCopy": 29, 
"TotalFilesSize": 0, 
"NbFilesLeftToDo": 2 
"Progression": 93,10344827586206 
}
{
"Name": "test", 
"SourceDir": "C:\Users\cimbo\Desktop\test", 
"TargetDir": "C:\Users\cimbo\Desktop\test51", 
"State": "active", 
"TotalFilesToCopy": 29, 
"TotalFilesSize": 0, 
"NbFilesLeftToDo": 1 
"Progression": 96,55172413793103 
}
{
"Name": "test", 
"SourceDir": "C:\Users\cimbo\Desktop\test", 
"TargetDir": "C:\Users\cimbo\Desktop\test51", 
"State": "ended", 
"TotalFilesToCopy": 29, 
"TotalFilesSize": 0, 
"NbFilesLeftToDo": 0 
"Progression": 100 
}
{
"Name": "test", 
"SourceDir": "C:\Users\cimbo\Desktop\test", 
"TargetDir": "C:\Users\cimbo\Desktop\test51", 
"State": "active", 
"TotalFilesToCopy": 29, 
"TotalFilesSize": 0, 
"NbFilesLeftToDo": 28 
"Progression": 3,448275862068968 
}
{
"Name": "test", 
"SourceDir": "C:\Users\cimbo\Desktop\test", 
"TargetDir": "C:\Users\cimbo\Desktop\test51", 
"State": "active", 
"TotalFilesToCopy": 29, 
"TotalFilesSize": 0, 
"NbFilesLeftToDo": 27 
"Progression": 6,896551724137936 
}
{
"Name": "test", 
"SourceDir": "C:\Users\cimbo\Desktop\test", 
"TargetDir": "C:\Users\cimbo\Desktop\test51", 
"State": "active", 
"TotalFilesToCopy": 29, 
"TotalFilesSize": 0, 
"NbFilesLeftToDo": 26 
"Progression": 10,34482758620689 
}
{
"Name": "test", 
"SourceDir": "C:\Users\cimbo\Desktop\test", 
"TargetDir": "C:\Users\cimbo\Desktop\test51", 
"State": "active", 
"TotalFilesToCopy": 29, 
"TotalFilesSize": 0, 
"NbFilesLeftToDo": 25 
"Progression": 13,793103448275872 
}
{
"Name": "test", 
"SourceDir": "C:\Users\cimbo\Desktop\test", 
"TargetDir": "C:\Users\cimbo\Desktop\test51", 
"State": "active", 
"TotalFilesToCopy": 29, 
"TotalFilesSize": 0, 
"NbFilesLeftToDo": 24 
"Progression": 17,241379310344826 
}
{
"Name": "test", 
"SourceDir": "C:\Users\cimbo\Desktop\test", 
"TargetDir": "C:\Users\cimbo\Desktop\test51", 
"State": "active", 
"TotalFilesToCopy": 29, 
"TotalFilesSize": 0, 
"NbFilesLeftToDo": 23 
"Progression": 20,689655172413794 
}
{
"Name": "test", 
"SourceDir": "C:\Users\cimbo\Desktop\test", 
"TargetDir": "C:\Users\cimbo\Desktop\test51", 
"State": "active", 
"TotalFilesToCopy": 29, 
"TotalFilesSize": 0, 
"NbFilesLeftToDo": 22 
"Progression": 24,13793103448276 
}
{
"Name": "test", 
"SourceDir": "C:\Users\cimbo\Desktop\test", 
"TargetDir": "C:\Users\cimbo\Desktop\test51", 
"State": "active", 
"TotalFilesToCopy": 29, 
"TotalFilesSize": 0, 
"NbFilesLeftToDo": 21 
"Progression": 27,58620689655173 
}
{
"Name": "test", 
"SourceDir": "C:\Users\cimbo\Desktop\test", 
"TargetDir": "C:\Users\cimbo\Desktop\test51", 
"State": "active", 
"TotalFilesToCopy": 29, 
"TotalFilesSize": 0, 
"NbFilesLeftToDo": 20 
"Progression": 31,034482758620683 
}
{
"Name": "test", 
"SourceDir": "C:\Users\cimbo\Desktop\test", 
"TargetDir": "C:\Users\cimbo\Desktop\test51", 
"State": "active", 
"TotalFilesToCopy": 29, 
"TotalFilesSize": 0, 
"NbFilesLeftToDo": 19 
"Progression": 34,48275862068965 
}
{
"Name": "test", 
"SourceDir": "C:\Users\cimbo\Desktop\test", 
"TargetDir": "C:\Users\cimbo\Desktop\test51", 
"State": "active", 
"TotalFilesToCopy": 29, 
"TotalFilesSize": 0, 
"NbFilesLeftToDo": 18 
"Progression": 37,93103448275862 
}
{
"Name": "test", 
"SourceDir": "C:\Users\cimbo\Desktop\test", 
"TargetDir": "C:\Users\cimbo\Desktop\test51", 
"State": "active", 
"TotalFilesToCopy": 29, 
"TotalFilesSize": 0, 
"NbFilesLeftToDo": 17 
"Progression": 41,379310344827594 
}
{
"Name": "test", 
"SourceDir": "C:\Users\cimbo\Desktop\test", 
"TargetDir": "C:\Users\cimbo\Desktop\test51", 
"State": "active", 
"TotalFilesToCopy": 29, 
"TotalFilesSize": 0, 
"NbFilesLeftToDo": 16 
"Progression": 44,827586206896555 
}
{
"Name": "test", 
"SourceDir": "C:\Users\cimbo\Desktop\test", 
"TargetDir": "C:\Users\cimbo\Desktop\test51", 
"State": "active", 
"TotalFilesToCopy": 29, 
"TotalFilesSize": 0, 
"NbFilesLeftToDo": 15 
"Progression": 48,275862068965516 
}
{
"Name": "test", 
"SourceDir": "C:\Users\cimbo\Desktop\test", 
"TargetDir": "C:\Users\cimbo\Desktop\test51", 
"State": "active", 
"TotalFilesToCopy": 29, 
"TotalFilesSize": 0, 
"NbFilesLeftToDo": 14 
"Progression": 51,724137931034484 
}
{
"Name": "test", 
"SourceDir": "C:\Users\cimbo\Desktop\test", 
"TargetDir": "C:\Users\cimbo\Desktop\test51", 
"State": "active", 
"TotalFilesToCopy": 29, 
"TotalFilesSize": 0, 
"NbFilesLeftToDo": 13 
"Progression": 55,172413793103445 
}
{
"Name": "test", 
"SourceDir": "C:\Users\cimbo\Desktop\test", 
"TargetDir": "C:\Users\cimbo\Desktop\test51", 
"State": "active", 
"TotalFilesToCopy": 29, 
"TotalFilesSize": 0, 
"NbFilesLeftToDo": 12 
"Progression": 58,62068965517241 
}
{
"Name": "test", 
"SourceDir": "C:\Users\cimbo\Desktop\test", 
"TargetDir": "C:\Users\cimbo\Desktop\test51", 
"State": "active", 
"TotalFilesToCopy": 29, 
"TotalFilesSize": 0, 
"NbFilesLeftToDo": 11 
"Progression": 62,06896551724138 
}
{
"Name": "test", 
"SourceDir": "C:\Users\cimbo\Desktop\test", 
"TargetDir": "C:\Users\cimbo\Desktop\test51", 
"State": "active", 
"TotalFilesToCopy": 29, 
"TotalFilesSize": 0, 
"NbFilesLeftToDo": 10 
"Progression": 65,51724137931035 
}
{
"Name": "test", 
"SourceDir": "C:\Users\cimbo\Desktop\test", 
"TargetDir": "C:\Users\cimbo\Desktop\test51", 
"State": "active", 
"TotalFilesToCopy": 29, 
"TotalFilesSize": 0, 
"NbFilesLeftToDo": 9 
"Progression": 68,9655172413793 
}
{
"Name": "test", 
"SourceDir": "C:\Users\cimbo\Desktop\test", 
"TargetDir": "C:\Users\cimbo\Desktop\test51", 
"State": "active", 
"TotalFilesToCopy": 29, 
"TotalFilesSize": 0, 
"NbFilesLeftToDo": 8 
"Progression": 72,41379310344828 
}
{
"Name": "test", 
"SourceDir": "C:\Users\cimbo\Desktop\test", 
"TargetDir": "C:\Users\cimbo\Desktop\test51", 
"State": "active", 
"TotalFilesToCopy": 29, 
"TotalFilesSize": 0, 
"NbFilesLeftToDo": 7 
"Progression": 75,86206896551724 
}
{
"Name": "test", 
"SourceDir": "C:\Users\cimbo\Desktop\test", 
"TargetDir": "C:\Users\cimbo\Desktop\test51", 
"State": "active", 
"TotalFilesToCopy": 29, 
"TotalFilesSize": 0, 
"NbFilesLeftToDo": 6 
"Progression": 79,3103448275862 
}
{
"Name": "test", 
"SourceDir": "C:\Users\cimbo\Desktop\test", 
"TargetDir": "C:\Users\cimbo\Desktop\test51", 
"State": "active", 
"TotalFilesToCopy": 29, 
"TotalFilesSize": 0, 
"NbFilesLeftToDo": 5 
"Progression": 82,75862068965517 
}
{
"Name": "test", 
"SourceDir": "C:\Users\cimbo\Desktop\test", 
"TargetDir": "C:\Users\cimbo\Desktop\test51", 
"State": "active", 
"TotalFilesToCopy": 29, 
"TotalFilesSize": 0, 
"NbFilesLeftToDo": 4 
"Progression": 86,20689655172414 
}
{
"Name": "test", 
"SourceDir": "C:\Users\cimbo\Desktop\test", 
"TargetDir": "C:\Users\cimbo\Desktop\test51", 
"State": "active", 
"TotalFilesToCopy": 29, 
"TotalFilesSize": 0, 
"NbFilesLeftToDo": 3 
"Progression": 89,65517241379311 
}
{
"Name": "test", 
"SourceDir": "C:\Users\cimbo\Desktop\test", 
"TargetDir": "C:\Users\cimbo\Desktop\test51", 
"State": "active", 
"TotalFilesToCopy": 29, 
"TotalFilesSize": 0, 
"NbFilesLeftToDo": 2 
"Progression": 93,10344827586206 
}
{
"Name": "test", 
"SourceDir": "C:\Users\cimbo\Desktop\test", 
"TargetDir": "C:\Users\cimbo\Desktop\test51", 
"State": "active", 
"TotalFilesToCopy": 29, 
"TotalFilesSize": 0, 
"NbFilesLeftToDo": 1 
"Progression": 96,55172413793103 
}
{
"Name": "test", 
"SourceDir": "C:\Users\cimbo\Desktop\test", 
"TargetDir": "C:\Users\cimbo\Desktop\test51", 
"State": "ended", 
"TotalFilesToCopy": 29, 
"TotalFilesSize": 0, 
"NbFilesLeftToDo": 0 
"Progression": 100 
}
{
"Name": "test", 
"SourceDir": "C:\Users\cimbo\Desktop\test", 
"TargetDir": "C:\Users\cimbo\Desktop\test51", 
"State": "active", 
"TotalFilesToCopy": 29, 
"TotalFilesSize": 0, 
"NbFilesLeftToDo": 28 
"Progression": 3,448275862068968 
}
{
"Name": "test", 
"SourceDir": "C:\Users\cimbo\Desktop\test", 
"TargetDir": "C:\Users\cimbo\Desktop\test51", 
"State": "active", 
"TotalFilesToCopy": 29, 
"TotalFilesSize": 0, 
"NbFilesLeftToDo": 27 
"Progression": 6,896551724137936 
}
{
"Name": "test", 
"SourceDir": "C:\Users\cimbo\Desktop\test", 
"TargetDir": "C:\Users\cimbo\Desktop\test51", 
"State": "active", 
"TotalFilesToCopy": 29, 
"TotalFilesSize": 0, 
"NbFilesLeftToDo": 26 
"Progression": 10,34482758620689 
}
{
"Name": "test", 
"SourceDir": "C:\Users\cimbo\Desktop\test", 
"TargetDir": "C:\Users\cimbo\Desktop\test51", 
"State": "active", 
"TotalFilesToCopy": 29, 
"TotalFilesSize": 0, 
"NbFilesLeftToDo": 25 
"Progression": 13,793103448275872 
}
{
"Name": "test", 
"SourceDir": "C:\Users\cimbo\Desktop\test", 
"TargetDir": "C:\Users\cimbo\Desktop\test51", 
"State": "active", 
"TotalFilesToCopy": 29, 
"TotalFilesSize": 0, 
"NbFilesLeftToDo": 24 
"Progression": 17,241379310344826 
}
{
"Name": "test", 
"SourceDir": "C:\Users\cimbo\Desktop\test", 
"TargetDir": "C:\Users\cimbo\Desktop\test51", 
"State": "active", 
"TotalFilesToCopy": 29, 
"TotalFilesSize": 0, 
"NbFilesLeftToDo": 23 
"Progression": 20,689655172413794 
}
{
"Name": "test", 
"SourceDir": "C:\Users\cimbo\Desktop\test", 
"TargetDir": "C:\Users\cimbo\Desktop\test51", 
"State": "active", 
"TotalFilesToCopy": 29, 
"TotalFilesSize": 0, 
"NbFilesLeftToDo": 22 
"Progression": 24,13793103448276 
}
{
"Name": "test", 
"SourceDir": "C:\Users\cimbo\Desktop\test", 
"TargetDir": "C:\Users\cimbo\Desktop\test51", 
"State": "active", 
"TotalFilesToCopy": 29, 
"TotalFilesSize": 0, 
"NbFilesLeftToDo": 21 
"Progression": 27,58620689655173 
}
{
"Name": "test", 
"SourceDir": "C:\Users\cimbo\Desktop\test", 
"TargetDir": "C:\Users\cimbo\Desktop\test51", 
"State": "active", 
"TotalFilesToCopy": 29, 
"TotalFilesSize": 0, 
"NbFilesLeftToDo": 20 
"Progression": 31,034482758620683 
}
{
"Name": "test", 
"SourceDir": "C:\Users\cimbo\Desktop\test", 
"TargetDir": "C:\Users\cimbo\Desktop\test51", 
"State": "active", 
"TotalFilesToCopy": 29, 
"TotalFilesSize": 0, 
"NbFilesLeftToDo": 19 
"Progression": 34,48275862068965 
}
{
"Name": "test", 
"SourceDir": "C:\Users\cimbo\Desktop\test", 
"TargetDir": "C:\Users\cimbo\Desktop\test51", 
"State": "active", 
"TotalFilesToCopy": 29, 
"TotalFilesSize": 0, 
"NbFilesLeftToDo": 18 
"Progression": 37,93103448275862 
}
{
"Name": "test", 
"SourceDir": "C:\Users\cimbo\Desktop\test", 
"TargetDir": "C:\Users\cimbo\Desktop\test51", 
"State": "active", 
"TotalFilesToCopy": 29, 
"TotalFilesSize": 0, 
"NbFilesLeftToDo": 17 
"Progression": 41,379310344827594 
}
{
"Name": "test", 
"SourceDir": "C:\Users\cimbo\Desktop\test", 
"TargetDir": "C:\Users\cimbo\Desktop\test51", 
"State": "active", 
"TotalFilesToCopy": 29, 
"TotalFilesSize": 0, 
"NbFilesLeftToDo": 16 
"Progression": 44,827586206896555 
}
{
"Name": "test", 
"SourceDir": "C:\Users\cimbo\Desktop\test", 
"TargetDir": "C:\Users\cimbo\Desktop\test51", 
"State": "active", 
"TotalFilesToCopy": 29, 
"TotalFilesSize": 0, 
"NbFilesLeftToDo": 15 
"Progression": 48,275862068965516 
}
{
"Name": "test", 
"SourceDir": "C:\Users\cimbo\Desktop\test", 
"TargetDir": "C:\Users\cimbo\Desktop\test51", 
"State": "active", 
"TotalFilesToCopy": 29, 
"TotalFilesSize": 0, 
"NbFilesLeftToDo": 14 
"Progression": 51,724137931034484 
}
{
"Name": "test", 
"SourceDir": "C:\Users\cimbo\Desktop\test", 
"TargetDir": "C:\Users\cimbo\Desktop\test51", 
"State": "active", 
"TotalFilesToCopy": 29, 
"TotalFilesSize": 0, 
"NbFilesLeftToDo": 13 
"Progression": 55,172413793103445 
}
{
"Name": "test", 
"SourceDir": "C:\Users\cimbo\Desktop\test", 
"TargetDir": "C:\Users\cimbo\Desktop\test51", 
"State": "active", 
"TotalFilesToCopy": 29, 
"TotalFilesSize": 0, 
"NbFilesLeftToDo": 12 
"Progression": 58,62068965517241 
}
{
"Name": "test", 
"SourceDir": "C:\Users\cimbo\Desktop\test", 
"TargetDir": "C:\Users\cimbo\Desktop\test51", 
"State": "active", 
"TotalFilesToCopy": 29, 
"TotalFilesSize": 0, 
"NbFilesLeftToDo": 11 
"Progression": 62,06896551724138 
}
{
"Name": "test", 
"SourceDir": "C:\Users\cimbo\Desktop\test", 
"TargetDir": "C:\Users\cimbo\Desktop\test51", 
"State": "active", 
"TotalFilesToCopy": 29, 
"TotalFilesSize": 0, 
"NbFilesLeftToDo": 10 
"Progression": 65,51724137931035 
}
{
"Name": "test", 
"SourceDir": "C:\Users\cimbo\Desktop\test", 
"TargetDir": "C:\Users\cimbo\Desktop\test51", 
"State": "active", 
"TotalFilesToCopy": 29, 
"TotalFilesSize": 0, 
"NbFilesLeftToDo": 9 
"Progression": 68,9655172413793 
}
{
"Name": "test", 
"SourceDir": "C:\Users\cimbo\Desktop\test", 
"TargetDir": "C:\Users\cimbo\Desktop\test51", 
"State": "active", 
"TotalFilesToCopy": 29, 
"TotalFilesSize": 0, 
"NbFilesLeftToDo": 8 
"Progression": 72,41379310344828 
}
{
"Name": "test", 
"SourceDir": "C:\Users\cimbo\Desktop\test", 
"TargetDir": "C:\Users\cimbo\Desktop\test51", 
"State": "active", 
"TotalFilesToCopy": 29, 
"TotalFilesSize": 0, 
"NbFilesLeftToDo": 7 
"Progression": 75,86206896551724 
}
{
"Name": "test", 
"SourceDir": "C:\Users\cimbo\Desktop\test", 
"TargetDir": "C:\Users\cimbo\Desktop\test51", 
"State": "active", 
"TotalFilesToCopy": 29, 
"TotalFilesSize": 0, 
"NbFilesLeftToDo": 6 
"Progression": 79,3103448275862 
}
{
"Name": "test", 
"SourceDir": "C:\Users\cimbo\Desktop\test", 
"TargetDir": "C:\Users\cimbo\Desktop\test51", 
"State": "active", 
"TotalFilesToCopy": 29, 
"TotalFilesSize": 0, 
"NbFilesLeftToDo": 5 
"Progression": 82,75862068965517 
}
{
"Name": "test", 
"SourceDir": "C:\Users\cimbo\Desktop\test", 
"TargetDir": "C:\Users\cimbo\Desktop\test51", 
"State": "active", 
"TotalFilesToCopy": 29, 
"TotalFilesSize": 0, 
"NbFilesLeftToDo": 4 
"Progression": 86,20689655172414 
}
{
"Name": "test", 
"SourceDir": "C:\Users\cimbo\Desktop\test", 
"TargetDir": "C:\Users\cimbo\Desktop\test51", 
"State": "active", 
"TotalFilesToCopy": 29, 
"TotalFilesSize": 0, 
"NbFilesLeftToDo": 3 
"Progression": 89,65517241379311 
}
{
"Name": "test", 
"SourceDir": "C:\Users\cimbo\Desktop\test", 
"TargetDir": "C:\Users\cimbo\Desktop\test51", 
"State": "active", 
"TotalFilesToCopy": 29, 
"TotalFilesSize": 0, 
"NbFilesLeftToDo": 2 
"Progression": 93,10344827586206 
}
{
"Name": "test", 
"SourceDir": "C:\Users\cimbo\Desktop\test", 
"TargetDir": "C:\Users\cimbo\Desktop\test51", 
"State": "active", 
"TotalFilesToCopy": 29, 
"TotalFilesSize": 0, 
"NbFilesLeftToDo": 1 
"Progression": 96,55172413793103 
}
{
"Name": "test", 
"SourceDir": "C:\Users\cimbo\Desktop\test", 
"TargetDir": "C:\Users\cimbo\Desktop\test51", 
"State": "ended", 
"TotalFilesToCopy": 29, 
"TotalFilesSize": 0, 
"NbFilesLeftToDo": 0 
"Progression": 100 
}
{
"Name": "tahsin", 
"SourceDir": "C:\Users\cimbo\Desktop\test", 
"TargetDir": "C:\Users\cimbo\Desktop\test2", 
"State": "active", 
"TotalFilesToCopy": 31, 
"TotalFilesSize": 58577, 
"NbFilesLeftToDo": 30 
"Progression": 3,225806451612897 
}
{
"Name": "tahsin", 
"SourceDir": "C:\Users\cimbo\Desktop\test", 
"TargetDir": "C:\Users\cimbo\Desktop\test2", 
"State": "active", 
"TotalFilesToCopy": 31, 
"TotalFilesSize": 58577, 
"NbFilesLeftToDo": 29 
"Progression": 6,451612903225808 
}
{
"Name": "tahsin", 
"SourceDir": "C:\Users\cimbo\Desktop\test", 
"TargetDir": "C:\Users\cimbo\Desktop\test2", 
"State": "active", 
"TotalFilesToCopy": 31, 
"TotalFilesSize": 58577, 
"NbFilesLeftToDo": 28 
"Progression": 9,677419354838719 
}
{
"Name": "tahsin", 
"SourceDir": "C:\Users\cimbo\Desktop\test", 
"TargetDir": "C:\Users\cimbo\Desktop\test2", 
"State": "active", 
"TotalFilesToCopy": 31, 
"TotalFilesSize": 58577, 
"NbFilesLeftToDo": 27 
"Progression": 12,903225806451616 
}
{
"Name": "tahsin", 
"SourceDir": "C:\Users\cimbo\Desktop\test", 
"TargetDir": "C:\Users\cimbo\Desktop\test2", 
"State": "active", 
"TotalFilesToCopy": 31, 
"TotalFilesSize": 58577, 
"NbFilesLeftToDo": 26 
"Progression": 16,129032258064512 
}
{
"Name": "tahsin", 
"SourceDir": "C:\Users\cimbo\Desktop\test", 
"TargetDir": "C:\Users\cimbo\Desktop\test2", 
"State": "active", 
"TotalFilesToCopy": 31, 
"TotalFilesSize": 58577, 
"NbFilesLeftToDo": 25 
"Progression": 19,354838709677423 
}
{
"Name": "tahsin", 
"SourceDir": "C:\Users\cimbo\Desktop\test", 
"TargetDir": "C:\Users\cimbo\Desktop\test2", 
"State": "active", 
"TotalFilesToCopy": 31, 
"TotalFilesSize": 58577, 
"NbFilesLeftToDo": 24 
"Progression": 22,58064516129032 
}
{
"Name": "tahsin", 
"SourceDir": "C:\Users\cimbo\Desktop\test", 
"TargetDir": "C:\Users\cimbo\Desktop\test2", 
"State": "active", 
"TotalFilesToCopy": 31, 
"TotalFilesSize": 58577, 
"NbFilesLeftToDo": 23 
"Progression": 25,80645161290323 
}
{
"Name": "tahsin", 
"SourceDir": "C:\Users\cimbo\Desktop\test", 
"TargetDir": "C:\Users\cimbo\Desktop\test2", 
"State": "active", 
"TotalFilesToCopy": 31, 
"TotalFilesSize": 58577, 
"NbFilesLeftToDo": 22 
"Progression": 29,032258064516128 
}
{
"Name": "tahsin", 
"SourceDir": "C:\Users\cimbo\Desktop\test", 
"TargetDir": "C:\Users\cimbo\Desktop\test2", 
"State": "active", 
"TotalFilesToCopy": 31, 
"TotalFilesSize": 58577, 
"NbFilesLeftToDo": 21 
"Progression": 32,25806451612904 
}
{
"Name": "tahsin", 
"SourceDir": "C:\Users\cimbo\Desktop\test", 
"TargetDir": "C:\Users\cimbo\Desktop\test2", 
"State": "active", 
"TotalFilesToCopy": 31, 
"TotalFilesSize": 58577, 
"NbFilesLeftToDo": 20 
"Progression": 35,483870967741936 
}
{
"Name": "tahsin", 
"SourceDir": "C:\Users\cimbo\Desktop\test", 
"TargetDir": "C:\Users\cimbo\Desktop\test2", 
"State": "active", 
"TotalFilesToCopy": 31, 
"TotalFilesSize": 58577, 
"NbFilesLeftToDo": 19 
"Progression": 38,70967741935484 
}
{
"Name": "tahsin", 
"SourceDir": "C:\Users\cimbo\Desktop\test", 
"TargetDir": "C:\Users\cimbo\Desktop\test2", 
"State": "active", 
"TotalFilesToCopy": 31, 
"TotalFilesSize": 58577, 
"NbFilesLeftToDo": 18 
"Progression": 41,93548387096774 
}
{
"Name": "tahsin", 
"SourceDir": "C:\Users\cimbo\Desktop\test", 
"TargetDir": "C:\Users\cimbo\Desktop\test2", 
"State": "active", 
"TotalFilesToCopy": 31, 
"TotalFilesSize": 58577, 
"NbFilesLeftToDo": 17 
"Progression": 45,16129032258065 
}
{
"Name": "tahsin", 
"SourceDir": "C:\Users\cimbo\Desktop\test", 
"TargetDir": "C:\Users\cimbo\Desktop\test2", 
"State": "active", 
"TotalFilesToCopy": 31, 
"TotalFilesSize": 58577, 
"NbFilesLeftToDo": 16 
"Progression": 48,38709677419355 
}
{
"Name": "tahsin", 
"SourceDir": "C:\Users\cimbo\Desktop\test", 
"TargetDir": "C:\Users\cimbo\Desktop\test2", 
"State": "active", 
"TotalFilesToCopy": 31, 
"TotalFilesSize": 58577, 
"NbFilesLeftToDo": 15 
"Progression": 51,61290322580645 
}
{
"Name": "tahsin", 
"SourceDir": "C:\Users\cimbo\Desktop\test", 
"TargetDir": "C:\Users\cimbo\Desktop\test2", 
"State": "active", 
"TotalFilesToCopy": 31, 
"TotalFilesSize": 58577, 
"NbFilesLeftToDo": 14 
"Progression": 54,83870967741936 
}
{
"Name": "tahsin", 
"SourceDir": "C:\Users\cimbo\Desktop\test", 
"TargetDir": "C:\Users\cimbo\Desktop\test2", 
"State": "active", 
"TotalFilesToCopy": 31, 
"TotalFilesSize": 58577, 
"NbFilesLeftToDo": 13 
"Progression": 58,064516129032256 
}
{
"Name": "tahsin", 
"SourceDir": "C:\Users\cimbo\Desktop\test", 
"TargetDir": "C:\Users\cimbo\Desktop\test2", 
"State": "active", 
"TotalFilesToCopy": 31, 
"TotalFilesSize": 58577, 
"NbFilesLeftToDo": 12 
"Progression": 61,29032258064516 
}
{
"Name": "tahsin", 
"SourceDir": "C:\Users\cimbo\Desktop\test", 
"TargetDir": "C:\Users\cimbo\Desktop\test2", 
"State": "active", 
"TotalFilesToCopy": 31, 
"TotalFilesSize": 58577, 
"NbFilesLeftToDo": 11 
"Progression": 64,51612903225806 
}
{
"Name": "tahsin", 
"SourceDir": "C:\Users\cimbo\Desktop\test", 
"TargetDir": "C:\Users\cimbo\Desktop\test2", 
"State": "active", 
"TotalFilesToCopy": 31, 
"TotalFilesSize": 58577, 
"NbFilesLeftToDo": 10 
"Progression": 67,74193548387098 
}
{
"Name": "tahsin", 
"SourceDir": "C:\Users\cimbo\Desktop\test", 
"TargetDir": "C:\Users\cimbo\Desktop\test2", 
"State": "active", 
"TotalFilesToCopy": 31, 
"TotalFilesSize": 58577, 
"NbFilesLeftToDo": 9 
"Progression": 70,96774193548387 
}
{
"Name": "tahsin", 
"SourceDir": "C:\Users\cimbo\Desktop\test", 
"TargetDir": "C:\Users\cimbo\Desktop\test2", 
"State": "active", 
"TotalFilesToCopy": 31, 
"TotalFilesSize": 58577, 
"NbFilesLeftToDo": 8 
"Progression": 74,19354838709677 
}
{
"Name": "tahsin", 
"SourceDir": "C:\Users\cimbo\Desktop\test", 
"TargetDir": "C:\Users\cimbo\Desktop\test2", 
"State": "active", 
"TotalFilesToCopy": 31, 
"TotalFilesSize": 58577, 
"NbFilesLeftToDo": 7 
"Progression": 77,41935483870968 
}
{
"Name": "tahsin", 
"SourceDir": "C:\Users\cimbo\Desktop\test", 
"TargetDir": "C:\Users\cimbo\Desktop\test2", 
"State": "active", 
"TotalFilesToCopy": 31, 
"TotalFilesSize": 58577, 
"NbFilesLeftToDo": 6 
"Progression": 80,64516129032258 
}
{
"Name": "tahsin", 
"SourceDir": "C:\Users\cimbo\Desktop\test", 
"TargetDir": "C:\Users\cimbo\Desktop\test2", 
"State": "active", 
"TotalFilesToCopy": 31, 
"TotalFilesSize": 58577, 
"NbFilesLeftToDo": 5 
"Progression": 83,87096774193549 
}
{
"Name": "tahsin", 
"SourceDir": "C:\Users\cimbo\Desktop\test", 
"TargetDir": "C:\Users\cimbo\Desktop\test2", 
"State": "active", 
"TotalFilesToCopy": 31, 
"TotalFilesSize": 58577, 
"NbFilesLeftToDo": 4 
"Progression": 87,09677419354838 
}
{
"Name": "tahsin", 
"SourceDir": "C:\Users\cimbo\Desktop\test", 
"TargetDir": "C:\Users\cimbo\Desktop\test2", 
"State": "active", 
"TotalFilesToCopy": 31, 
"TotalFilesSize": 58577, 
"NbFilesLeftToDo": 3 
"Progression": 90,3225806451613 
}
{
"Name": "tahsin", 
"SourceDir": "C:\Users\cimbo\Desktop\test", 
"TargetDir": "C:\Users\cimbo\Desktop\test2", 
"State": "active", 
"TotalFilesToCopy": 31, 
"TotalFilesSize": 58577, 
"NbFilesLeftToDo": 2 
"Progression": 93,54838709677419 
}
{
"Name": "tahsin", 
"SourceDir": "C:\Users\cimbo\Desktop\test", 
"TargetDir": "C:\Users\cimbo\Desktop\test2", 
"State": "active", 
"TotalFilesToCopy": 31, 
"TotalFilesSize": 58577, 
"NbFilesLeftToDo": 1 
"Progression": 96,7741935483871 
}
{
"Name": "tahsin", 
"SourceDir": "C:\Users\cimbo\Desktop\test", 
"TargetDir": "C:\Users\cimbo\Desktop\test2", 
"State": "ended", 
"TotalFilesToCopy": 31, 
"TotalFilesSize": 58577, 
"NbFilesLeftToDo": 0 
"Progression": 100 
}
{
"Name": "tahsin", 
"SourceDir": "C:\Users\cimbo\Desktop\test", 
"TargetDir": "C:\Users\cimbo\Desktop\test2", 
"State": "active", 
"TotalFilesToCopy": 31, 
"TotalFilesSize": 58577, 
"NbFilesLeftToDo": 30 
"Progression": 3,225806451612897 
}
{
"Name": "tahsin", 
"SourceDir": "C:\Users\cimbo\Desktop\test", 
"TargetDir": "C:\Users\cimbo\Desktop\test2", 
"State": "active", 
"TotalFilesToCopy": 31, 
"TotalFilesSize": 58577, 
"NbFilesLeftToDo": 29 
"Progression": 6,451612903225808 
}
{
"Name": "tahsin", 
"SourceDir": "C:\Users\cimbo\Desktop\test", 
"TargetDir": "C:\Users\cimbo\Desktop\test2", 
"State": "active", 
"TotalFilesToCopy": 31, 
"TotalFilesSize": 58577, 
"NbFilesLeftToDo": 28 
"Progression": 9,677419354838719 
}
{
"Name": "tahsin", 
"SourceDir": "C:\Users\cimbo\Desktop\test", 
"TargetDir": "C:\Users\cimbo\Desktop\test2", 
"State": "active", 
"TotalFilesToCopy": 31, 
"TotalFilesSize": 58577, 
"NbFilesLeftToDo": 27 
"Progression": 12,903225806451616 
}
{
"Name": "tahsin", 
"SourceDir": "C:\Users\cimbo\Desktop\test", 
"TargetDir": "C:\Users\cimbo\Desktop\test2", 
"State": "active", 
"TotalFilesToCopy": 31, 
"TotalFilesSize": 58577, 
"NbFilesLeftToDo": 26 
"Progression": 16,129032258064512 
}
{
"Name": "tahsin", 
"SourceDir": "C:\Users\cimbo\Desktop\test", 
"TargetDir": "C:\Users\cimbo\Desktop\test2", 
"State": "active", 
"TotalFilesToCopy": 31, 
"TotalFilesSize": 58577, 
"NbFilesLeftToDo": 25 
"Progression": 19,354838709677423 
}
{
"Name": "tahsin", 
"SourceDir": "C:\Users\cimbo\Desktop\test", 
"TargetDir": "C:\Users\cimbo\Desktop\test2", 
"State": "active", 
"TotalFilesToCopy": 31, 
"TotalFilesSize": 58577, 
"NbFilesLeftToDo": 24 
"Progression": 22,58064516129032 
}
{
"Name": "tahsin", 
"SourceDir": "C:\Users\cimbo\Desktop\test", 
"TargetDir": "C:\Users\cimbo\Desktop\test2", 
"State": "active", 
"TotalFilesToCopy": 31, 
"TotalFilesSize": 58577, 
"NbFilesLeftToDo": 23 
"Progression": 25,80645161290323 
}
{
"Name": "tahsin", 
"SourceDir": "C:\Users\cimbo\Desktop\test", 
"TargetDir": "C:\Users\cimbo\Desktop\test2", 
"State": "active", 
"TotalFilesToCopy": 31, 
"TotalFilesSize": 58577, 
"NbFilesLeftToDo": 22 
"Progression": 29,032258064516128 
}
{
"Name": "tahsin", 
"SourceDir": "C:\Users\cimbo\Desktop\test", 
"TargetDir": "C:\Users\cimbo\Desktop\test2", 
"State": "active", 
"TotalFilesToCopy": 31, 
"TotalFilesSize": 58577, 
"NbFilesLeftToDo": 21 
"Progression": 32,25806451612904 
}
{
"Name": "tahsin", 
"SourceDir": "C:\Users\cimbo\Desktop\test", 
"TargetDir": "C:\Users\cimbo\Desktop\test2", 
"State": "active", 
"TotalFilesToCopy": 31, 
"TotalFilesSize": 58577, 
"NbFilesLeftToDo": 20 
"Progression": 35,483870967741936 
}
{
"Name": "tahsin", 
"SourceDir": "C:\Users\cimbo\Desktop\test", 
"TargetDir": "C:\Users\cimbo\Desktop\test2", 
"State": "active", 
"TotalFilesToCopy": 31, 
"TotalFilesSize": 58577, 
"NbFilesLeftToDo": 19 
"Progression": 38,70967741935484 
}
{
"Name": "tahsin", 
"SourceDir": "C:\Users\cimbo\Desktop\test", 
"TargetDir": "C:\Users\cimbo\Desktop\test2", 
"State": "active", 
"TotalFilesToCopy": 31, 
"TotalFilesSize": 58577, 
"NbFilesLeftToDo": 18 
"Progression": 41,93548387096774 
}
{
"Name": "tahsin", 
"SourceDir": "C:\Users\cimbo\Desktop\test", 
"TargetDir": "C:\Users\cimbo\Desktop\test2", 
"State": "active", 
"TotalFilesToCopy": 31, 
"TotalFilesSize": 58577, 
"NbFilesLeftToDo": 17 
"Progression": 45,16129032258065 
}
{
"Name": "tahsin", 
"SourceDir": "C:\Users\cimbo\Desktop\test", 
"TargetDir": "C:\Users\cimbo\Desktop\test2", 
"State": "active", 
"TotalFilesToCopy": 31, 
"TotalFilesSize": 58577, 
"NbFilesLeftToDo": 16 
"Progression": 48,38709677419355 
}
{
"Name": "tahsin", 
"SourceDir": "C:\Users\cimbo\Desktop\test", 
"TargetDir": "C:\Users\cimbo\Desktop\test2", 
"State": "active", 
"TotalFilesToCopy": 31, 
"TotalFilesSize": 58577, 
"NbFilesLeftToDo": 15 
"Progression": 51,61290322580645 
}
{
"Name": "tahsin", 
"SourceDir": "C:\Users\cimbo\Desktop\test", 
"TargetDir": "C:\Users\cimbo\Desktop\test2", 
"State": "active", 
"TotalFilesToCopy": 31, 
"TotalFilesSize": 58577, 
"NbFilesLeftToDo": 14 
"Progression": 54,83870967741936 
}
{
"Name": "tahsin", 
"SourceDir": "C:\Users\cimbo\Desktop\test", 
"TargetDir": "C:\Users\cimbo\Desktop\test2", 
"State": "active", 
"TotalFilesToCopy": 31, 
"TotalFilesSize": 58577, 
"NbFilesLeftToDo": 13 
"Progression": 58,064516129032256 
}
{
"Name": "tahsin", 
"SourceDir": "C:\Users\cimbo\Desktop\test", 
"TargetDir": "C:\Users\cimbo\Desktop\test2", 
"State": "active", 
"TotalFilesToCopy": 31, 
"TotalFilesSize": 58577, 
"NbFilesLeftToDo": 12 
"Progression": 61,29032258064516 
}
{
"Name": "tahsin", 
"SourceDir": "C:\Users\cimbo\Desktop\test", 
"TargetDir": "C:\Users\cimbo\Desktop\test2", 
"State": "active", 
"TotalFilesToCopy": 31, 
"TotalFilesSize": 58577, 
"NbFilesLeftToDo": 11 
"Progression": 64,51612903225806 
}
{
"Name": "tahsin", 
"SourceDir": "C:\Users\cimbo\Desktop\test", 
"TargetDir": "C:\Users\cimbo\Desktop\test2", 
"State": "active", 
"TotalFilesToCopy": 31, 
"TotalFilesSize": 58577, 
"NbFilesLeftToDo": 10 
"Progression": 67,74193548387098 
}
{
"Name": "tahsin", 
"SourceDir": "C:\Users\cimbo\Desktop\test", 
"TargetDir": "C:\Users\cimbo\Desktop\test2", 
"State": "active", 
"TotalFilesToCopy": 31, 
"TotalFilesSize": 58577, 
"NbFilesLeftToDo": 9 
"Progression": 70,96774193548387 
}
{
"Name": "tahsin", 
"SourceDir": "C:\Users\cimbo\Desktop\test", 
"TargetDir": "C:\Users\cimbo\Desktop\test2", 
"State": "active", 
"TotalFilesToCopy": 31, 
"TotalFilesSize": 58577, 
"NbFilesLeftToDo": 8 
"Progression": 74,19354838709677 
}
{
"Name": "tahsin", 
"SourceDir": "C:\Users\cimbo\Desktop\test", 
"TargetDir": "C:\Users\cimbo\Desktop\test2", 
"State": "active", 
"TotalFilesToCopy": 31, 
"TotalFilesSize": 58577, 
"NbFilesLeftToDo": 7 
"Progression": 77,41935483870968 
}
{
"Name": "tahsin", 
"SourceDir": "C:\Users\cimbo\Desktop\test", 
"TargetDir": "C:\Users\cimbo\Desktop\test2", 
"State": "active", 
"TotalFilesToCopy": 31, 
"TotalFilesSize": 58577, 
"NbFilesLeftToDo": 6 
"Progression": 80,64516129032258 
}
{
"Name": "tahsin", 
"SourceDir": "C:\Users\cimbo\Desktop\test", 
"TargetDir": "C:\Users\cimbo\Desktop\test2", 
"State": "active", 
"TotalFilesToCopy": 31, 
"TotalFilesSize": 58577, 
"NbFilesLeftToDo": 5 
"Progression": 83,87096774193549 
}
{
"Name": "tahsin", 
"SourceDir": "C:\Users\cimbo\Desktop\test", 
"TargetDir": "C:\Users\cimbo\Desktop\test2", 
"State": "active", 
"TotalFilesToCopy": 31, 
"TotalFilesSize": 58577, 
"NbFilesLeftToDo": 4 
"Progression": 87,09677419354838 
}
{
"Name": "tahsin", 
"SourceDir": "C:\Users\cimbo\Desktop\test", 
"TargetDir": "C:\Users\cimbo\Desktop\test2", 
"State": "active", 
"TotalFilesToCopy": 31, 
"TotalFilesSize": 58577, 
"NbFilesLeftToDo": 3 
"Progression": 90,3225806451613 
}
{
"Name": "tahsin", 
"SourceDir": "C:\Users\cimbo\Desktop\test", 
"TargetDir": "C:\Users\cimbo\Desktop\test2", 
"State": "active", 
"TotalFilesToCopy": 31, 
"TotalFilesSize": 58577, 
"NbFilesLeftToDo": 2 
"Progression": 93,54838709677419 
}
{
"Name": "tahsin", 
"SourceDir": "C:\Users\cimbo\Desktop\test", 
"TargetDir": "C:\Users\cimbo\Desktop\test2", 
"State": "active", 
"TotalFilesToCopy": 31, 
"TotalFilesSize": 58577, 
"NbFilesLeftToDo": 1 
"Progression": 96,7741935483871 
}
{
"Name": "tahsin", 
"SourceDir": "C:\Users\cimbo\Desktop\test", 
"TargetDir": "C:\Users\cimbo\Desktop\test2", 
"State": "ended", 
"TotalFilesToCopy": 31, 
"TotalFilesSize": 58577, 
"NbFilesLeftToDo": 0 
"Progression": 100 
}
{
"Name": "tahsin", 
"SourceDir": "C:\Users\cimbo\Desktop\test", 
"TargetDir": "C:\Users\cimbo\Desktop\test2", 
"State": "active", 
"TotalFilesToCopy": 31, 
"TotalFilesSize": 58577, 
"NbFilesLeftToDo": 30 
"Progression": 3,225806451612897 
}
{
"Name": "tahsin", 
"SourceDir": "C:\Users\cimbo\Desktop\test", 
"TargetDir": "C:\Users\cimbo\Desktop\test2", 
"State": "active", 
"TotalFilesToCopy": 31, 
"TotalFilesSize": 58577, 
"NbFilesLeftToDo": 29 
"Progression": 6,451612903225808 
}
{
"Name": "tahsin", 
"SourceDir": "C:\Users\cimbo\Desktop\test", 
"TargetDir": "C:\Users\cimbo\Desktop\test2", 
"State": "active", 
"TotalFilesToCopy": 31, 
"TotalFilesSize": 58577, 
"NbFilesLeftToDo": 28 
"Progression": 9,677419354838719 
}
{
"Name": "tahsin", 
"SourceDir": "C:\Users\cimbo\Desktop\test", 
"TargetDir": "C:\Users\cimbo\Desktop\test2", 
"State": "active", 
"TotalFilesToCopy": 31, 
"TotalFilesSize": 58577, 
"NbFilesLeftToDo": 27 
"Progression": 12,903225806451616 
}
{
"Name": "tahsin", 
"SourceDir": "C:\Users\cimbo\Desktop\test", 
"TargetDir": "C:\Users\cimbo\Desktop\test2", 
"State": "active", 
"TotalFilesToCopy": 31, 
"TotalFilesSize": 58577, 
"NbFilesLeftToDo": 26 
"Progression": 16,129032258064512 
}
{
"Name": "tahsin", 
"SourceDir": "C:\Users\cimbo\Desktop\test", 
"TargetDir": "C:\Users\cimbo\Desktop\test2", 
"State": "active", 
"TotalFilesToCopy": 31, 
"TotalFilesSize": 58577, 
"NbFilesLeftToDo": 25 
"Progression": 19,354838709677423 
}
{
"Name": "tahsin", 
"SourceDir": "C:\Users\cimbo\Desktop\test", 
"TargetDir": "C:\Users\cimbo\Desktop\test2", 
"State": "active", 
"TotalFilesToCopy": 31, 
"TotalFilesSize": 58577, 
"NbFilesLeftToDo": 24 
"Progression": 22,58064516129032 
}
{
"Name": "tahsin", 
"SourceDir": "C:\Users\cimbo\Desktop\test", 
"TargetDir": "C:\Users\cimbo\Desktop\test2", 
"State": "active", 
"TotalFilesToCopy": 31, 
"TotalFilesSize": 58577, 
"NbFilesLeftToDo": 23 
"Progression": 25,80645161290323 
}
{
"Name": "tahsin", 
"SourceDir": "C:\Users\cimbo\Desktop\test", 
"TargetDir": "C:\Users\cimbo\Desktop\test2", 
"State": "active", 
"TotalFilesToCopy": 31, 
"TotalFilesSize": 58577, 
"NbFilesLeftToDo": 22 
"Progression": 29,032258064516128 
}
{
"Name": "tahsin", 
"SourceDir": "C:\Users\cimbo\Desktop\test", 
"TargetDir": "C:\Users\cimbo\Desktop\test2", 
"State": "active", 
"TotalFilesToCopy": 31, 
"TotalFilesSize": 58577, 
"NbFilesLeftToDo": 21 
"Progression": 32,25806451612904 
}
{
"Name": "tahsin", 
"SourceDir": "C:\Users\cimbo\Desktop\test", 
"TargetDir": "C:\Users\cimbo\Desktop\test2", 
"State": "active", 
"TotalFilesToCopy": 31, 
"TotalFilesSize": 58577, 
"NbFilesLeftToDo": 20 
"Progression": 35,483870967741936 
}
{
"Name": "tahsin", 
"SourceDir": "C:\Users\cimbo\Desktop\test", 
"TargetDir": "C:\Users\cimbo\Desktop\test2", 
"State": "active", 
"TotalFilesToCopy": 31, 
"TotalFilesSize": 58577, 
"NbFilesLeftToDo": 19 
"Progression": 38,70967741935484 
}
{
"Name": "tahsin", 
"SourceDir": "C:\Users\cimbo\Desktop\test", 
"TargetDir": "C:\Users\cimbo\Desktop\test2", 
"State": "active", 
"TotalFilesToCopy": 31, 
"TotalFilesSize": 58577, 
"NbFilesLeftToDo": 18 
"Progression": 41,93548387096774 
}
{
"Name": "tahsin", 
"SourceDir": "C:\Users\cimbo\Desktop\test", 
"TargetDir": "C:\Users\cimbo\Desktop\test2", 
"State": "active", 
"TotalFilesToCopy": 31, 
"TotalFilesSize": 58577, 
"NbFilesLeftToDo": 17 
"Progression": 45,16129032258065 
}
{
"Name": "tahsin", 
"SourceDir": "C:\Users\cimbo\Desktop\test", 
"TargetDir": "C:\Users\cimbo\Desktop\test2", 
"State": "active", 
"TotalFilesToCopy": 31, 
"TotalFilesSize": 58577, 
"NbFilesLeftToDo": 16 
"Progression": 48,38709677419355 
}
{
"Name": "tahsin", 
"SourceDir": "C:\Users\cimbo\Desktop\test", 
"TargetDir": "C:\Users\cimbo\Desktop\test2", 
"State": "active", 
"TotalFilesToCopy": 31, 
"TotalFilesSize": 58577, 
"NbFilesLeftToDo": 15 
"Progression": 51,61290322580645 
}
{
"Name": "tahsin", 
"SourceDir": "C:\Users\cimbo\Desktop\test", 
"TargetDir": "C:\Users\cimbo\Desktop\test2", 
"State": "active", 
"TotalFilesToCopy": 31, 
"TotalFilesSize": 58577, 
"NbFilesLeftToDo": 14 
"Progression": 54,83870967741936 
}
{
"Name": "tahsin", 
"SourceDir": "C:\Users\cimbo\Desktop\test", 
"TargetDir": "C:\Users\cimbo\Desktop\test2", 
"State": "active", 
"TotalFilesToCopy": 31, 
"TotalFilesSize": 58577, 
"NbFilesLeftToDo": 13 
"Progression": 58,064516129032256 
}
{
"Name": "tahsin", 
"SourceDir": "C:\Users\cimbo\Desktop\test", 
"TargetDir": "C:\Users\cimbo\Desktop\test2", 
"State": "active", 
"TotalFilesToCopy": 31, 
"TotalFilesSize": 58577, 
"NbFilesLeftToDo": 12 
"Progression": 61,29032258064516 
}
{
"Name": "tahsin", 
"SourceDir": "C:\Users\cimbo\Desktop\test", 
"TargetDir": "C:\Users\cimbo\Desktop\test2", 
"State": "active", 
"TotalFilesToCopy": 31, 
"TotalFilesSize": 58577, 
"NbFilesLeftToDo": 11 
"Progression": 64,51612903225806 
}
{
"Name": "tahsin", 
"SourceDir": "C:\Users\cimbo\Desktop\test", 
"TargetDir": "C:\Users\cimbo\Desktop\test2", 
"State": "active", 
"TotalFilesToCopy": 31, 
"TotalFilesSize": 58577, 
"NbFilesLeftToDo": 10 
"Progression": 67,74193548387098 
}
{
"Name": "tahsin", 
"SourceDir": "C:\Users\cimbo\Desktop\test", 
"TargetDir": "C:\Users\cimbo\Desktop\test2", 
"State": "active", 
"TotalFilesToCopy": 31, 
"TotalFilesSize": 58577, 
"NbFilesLeftToDo": 9 
"Progression": 70,96774193548387 
}
{
"Name": "tahsin", 
"SourceDir": "C:\Users\cimbo\Desktop\test", 
"TargetDir": "C:\Users\cimbo\Desktop\test2", 
"State": "active", 
"TotalFilesToCopy": 31, 
"TotalFilesSize": 58577, 
"NbFilesLeftToDo": 8 
"Progression": 74,19354838709677 
}
{
"Name": "tahsin", 
"SourceDir": "C:\Users\cimbo\Desktop\test", 
"TargetDir": "C:\Users\cimbo\Desktop\test2", 
"State": "active", 
"TotalFilesToCopy": 31, 
"TotalFilesSize": 58577, 
"NbFilesLeftToDo": 7 
"Progression": 77,41935483870968 
}
{
"Name": "tahsin", 
"SourceDir": "C:\Users\cimbo\Desktop\test", 
"TargetDir": "C:\Users\cimbo\Desktop\test2", 
"State": "active", 
"TotalFilesToCopy": 31, 
"TotalFilesSize": 58577, 
"NbFilesLeftToDo": 6 
"Progression": 80,64516129032258 
}
{
"Name": "tahsin", 
"SourceDir": "C:\Users\cimbo\Desktop\test", 
"TargetDir": "C:\Users\cimbo\Desktop\test2", 
"State": "active", 
"TotalFilesToCopy": 31, 
"TotalFilesSize": 58577, 
"NbFilesLeftToDo": 5 
"Progression": 83,87096774193549 
}
{
"Name": "tahsin", 
"SourceDir": "C:\Users\cimbo\Desktop\test", 
"TargetDir": "C:\Users\cimbo\Desktop\test2", 
"State": "active", 
"TotalFilesToCopy": 31, 
"TotalFilesSize": 58577, 
"NbFilesLeftToDo": 4 
"Progression": 87,09677419354838 
}
{
"Name": "tahsin", 
"SourceDir": "C:\Users\cimbo\Desktop\test", 
"TargetDir": "C:\Users\cimbo\Desktop\test2", 
"State": "active", 
"TotalFilesToCopy": 31, 
"TotalFilesSize": 58577, 
"NbFilesLeftToDo": 3 
"Progression": 90,3225806451613 
}
{
"Name": "tahsin", 
"SourceDir": "C:\Users\cimbo\Desktop\test", 
"TargetDir": "C:\Users\cimbo\Desktop\test2", 
"State": "active", 
"TotalFilesToCopy": 31, 
"TotalFilesSize": 58577, 
"NbFilesLeftToDo": 2 
"Progression": 93,54838709677419 
}
{
"Name": "tahsin", 
"SourceDir": "C:\Users\cimbo\Desktop\test", 
"TargetDir": "C:\Users\cimbo\Desktop\test2", 
"State": "active", 
"TotalFilesToCopy": 31, 
"TotalFilesSize": 58577, 
"NbFilesLeftToDo": 1 
"Progression": 96,7741935483871 
}
{
"Name": "tahsin", 
"SourceDir": "C:\Users\cimbo\Desktop\test", 
"TargetDir": "C:\Users\cimbo\Desktop\test2", 
"State": "ended", 
"TotalFilesToCopy": 31, 
"TotalFilesSize": 58577, 
"NbFilesLeftToDo": 0 
"Progression": 100 
}
{
"Name": "tahsin", 
"SourceDir": "C:\Users\cimbo\Desktop\test", 
"TargetDir": "C:\Users\cimbo\Desktop\test2", 
"State": "active", 
"TotalFilesToCopy": 31, 
"TotalFilesSize": 58577, 
"NbFilesLeftToDo": 30 
"Progression": 3,225806451612897 
}
{
"Name": "tahsin", 
"SourceDir": "C:\Users\cimbo\Desktop\test", 
"TargetDir": "C:\Users\cimbo\Desktop\test2", 
"State": "active", 
"TotalFilesToCopy": 31, 
"TotalFilesSize": 58577, 
"NbFilesLeftToDo": 29 
"Progression": 6,451612903225808 
}
{
"Name": "tahsin", 
"SourceDir": "C:\Users\cimbo\Desktop\test", 
"TargetDir": "C:\Users\cimbo\Desktop\test2", 
"State": "active", 
"TotalFilesToCopy": 31, 
"TotalFilesSize": 58577, 
"NbFilesLeftToDo": 28 
"Progression": 9,677419354838719 
}
{
"Name": "tahsin", 
"SourceDir": "C:\Users\cimbo\Desktop\test", 
"TargetDir": "C:\Users\cimbo\Desktop\test2", 
"State": "active", 
"TotalFilesToCopy": 31, 
"TotalFilesSize": 58577, 
"NbFilesLeftToDo": 27 
"Progression": 12,903225806451616 
}
{
"Name": "tahsin", 
"SourceDir": "C:\Users\cimbo\Desktop\test", 
"TargetDir": "C:\Users\cimbo\Desktop\test2", 
"State": "active", 
"TotalFilesToCopy": 31, 
"TotalFilesSize": 58577, 
"NbFilesLeftToDo": 26 
"Progression": 16,129032258064512 
}
{
"Name": "tahsin", 
"SourceDir": "C:\Users\cimbo\Desktop\test", 
"TargetDir": "C:\Users\cimbo\Desktop\test2", 
"State": "active", 
"TotalFilesToCopy": 31, 
"TotalFilesSize": 58577, 
"NbFilesLeftToDo": 25 
"Progression": 19,354838709677423 
}
{
"Name": "tahsin", 
"SourceDir": "C:\Users\cimbo\Desktop\test", 
"TargetDir": "C:\Users\cimbo\Desktop\test2", 
"State": "active", 
"TotalFilesToCopy": 31, 
"TotalFilesSize": 58577, 
"NbFilesLeftToDo": 24 
"Progression": 22,58064516129032 
}
{
"Name": "tahsin", 
"SourceDir": "C:\Users\cimbo\Desktop\test", 
"TargetDir": "C:\Users\cimbo\Desktop\test2", 
"State": "active", 
"TotalFilesToCopy": 31, 
"TotalFilesSize": 58577, 
"NbFilesLeftToDo": 23 
"Progression": 25,80645161290323 
}
{
"Name": "tahsin", 
"SourceDir": "C:\Users\cimbo\Desktop\test", 
"TargetDir": "C:\Users\cimbo\Desktop\test2", 
"State": "active", 
"TotalFilesToCopy": 31, 
"TotalFilesSize": 58577, 
"NbFilesLeftToDo": 22 
"Progression": 29,032258064516128 
}
{
"Name": "tahsin", 
"SourceDir": "C:\Users\cimbo\Desktop\test", 
"TargetDir": "C:\Users\cimbo\Desktop\test2", 
"State": "active", 
"TotalFilesToCopy": 31, 
"TotalFilesSize": 58577, 
"NbFilesLeftToDo": 21 
"Progression": 32,25806451612904 
}
{
"Name": "tahsin", 
"SourceDir": "C:\Users\cimbo\Desktop\test", 
"TargetDir": "C:\Users\cimbo\Desktop\test2", 
"State": "active", 
"TotalFilesToCopy": 31, 
"TotalFilesSize": 58577, 
"NbFilesLeftToDo": 20 
"Progression": 35,483870967741936 
}
{
"Name": "tahsin", 
"SourceDir": "C:\Users\cimbo\Desktop\test", 
"TargetDir": "C:\Users\cimbo\Desktop\test2", 
"State": "active", 
"TotalFilesToCopy": 31, 
"TotalFilesSize": 58577, 
"NbFilesLeftToDo": 19 
"Progression": 38,70967741935484 
}
{
"Name": "tahsin", 
"SourceDir": "C:\Users\cimbo\Desktop\test", 
"TargetDir": "C:\Users\cimbo\Desktop\test2", 
"State": "active", 
"TotalFilesToCopy": 31, 
"TotalFilesSize": 58577, 
"NbFilesLeftToDo": 18 
"Progression": 41,93548387096774 
}
{
"Name": "tahsin", 
"SourceDir": "C:\Users\cimbo\Desktop\test", 
"TargetDir": "C:\Users\cimbo\Desktop\test2", 
"State": "active", 
"TotalFilesToCopy": 31, 
"TotalFilesSize": 58577, 
"NbFilesLeftToDo": 17 
"Progression": 45,16129032258065 
}
{
"Name": "tahsin", 
"SourceDir": "C:\Users\cimbo\Desktop\test", 
"TargetDir": "C:\Users\cimbo\Desktop\test2", 
"State": "active", 
"TotalFilesToCopy": 31, 
"TotalFilesSize": 58577, 
"NbFilesLeftToDo": 16 
"Progression": 48,38709677419355 
}
{
"Name": "tahsin", 
"SourceDir": "C:\Users\cimbo\Desktop\test", 
"TargetDir": "C:\Users\cimbo\Desktop\test2", 
"State": "active", 
"TotalFilesToCopy": 31, 
"TotalFilesSize": 58577, 
"NbFilesLeftToDo": 15 
"Progression": 51,61290322580645 
}
{
"Name": "tahsin", 
"SourceDir": "C:\Users\cimbo\Desktop\test", 
"TargetDir": "C:\Users\cimbo\Desktop\test2", 
"State": "active", 
"TotalFilesToCopy": 31, 
"TotalFilesSize": 58577, 
"NbFilesLeftToDo": 14 
"Progression": 54,83870967741936 
}
{
"Name": "tahsin", 
"SourceDir": "C:\Users\cimbo\Desktop\test", 
"TargetDir": "C:\Users\cimbo\Desktop\test2", 
"State": "active", 
"TotalFilesToCopy": 31, 
"TotalFilesSize": 58577, 
"NbFilesLeftToDo": 13 
"Progression": 58,064516129032256 
}
{
"Name": "tahsin", 
"SourceDir": "C:\Users\cimbo\Desktop\test", 
"TargetDir": "C:\Users\cimbo\Desktop\test2", 
"State": "active", 
"TotalFilesToCopy": 31, 
"TotalFilesSize": 58577, 
"NbFilesLeftToDo": 12 
"Progression": 61,29032258064516 
}
{
"Name": "tahsin", 
"SourceDir": "C:\Users\cimbo\Desktop\test", 
"TargetDir": "C:\Users\cimbo\Desktop\test2", 
"State": "active", 
"TotalFilesToCopy": 31, 
"TotalFilesSize": 58577, 
"NbFilesLeftToDo": 11 
"Progression": 64,51612903225806 
}
{
"Name": "tahsin", 
"SourceDir": "C:\Users\cimbo\Desktop\test", 
"TargetDir": "C:\Users\cimbo\Desktop\test2", 
"State": "active", 
"TotalFilesToCopy": 31, 
"TotalFilesSize": 58577, 
"NbFilesLeftToDo": 10 
"Progression": 67,74193548387098 
}
{
"Name": "tahsin", 
"SourceDir": "C:\Users\cimbo\Desktop\test", 
"TargetDir": "C:\Users\cimbo\Desktop\test2", 
"State": "active", 
"TotalFilesToCopy": 31, 
"TotalFilesSize": 58577, 
"NbFilesLeftToDo": 9 
"Progression": 70,96774193548387 
}
{
"Name": "tahsin", 
"SourceDir": "C:\Users\cimbo\Desktop\test", 
"TargetDir": "C:\Users\cimbo\Desktop\test2", 
"State": "active", 
"TotalFilesToCopy": 31, 
"TotalFilesSize": 58577, 
"NbFilesLeftToDo": 8 
"Progression": 74,19354838709677 
}
{
"Name": "tahsin", 
"SourceDir": "C:\Users\cimbo\Desktop\test", 
"TargetDir": "C:\Users\cimbo\Desktop\test2", 
"State": "active", 
"TotalFilesToCopy": 31, 
"TotalFilesSize": 58577, 
"NbFilesLeftToDo": 7 
"Progression": 77,41935483870968 
}
{
"Name": "tahsin", 
"SourceDir": "C:\Users\cimbo\Desktop\test", 
"TargetDir": "C:\Users\cimbo\Desktop\test2", 
"State": "active", 
"TotalFilesToCopy": 31, 
"TotalFilesSize": 58577, 
"NbFilesLeftToDo": 6 
"Progression": 80,64516129032258 
}
{
"Name": "tahsin", 
"SourceDir": "C:\Users\cimbo\Desktop\test", 
"TargetDir": "C:\Users\cimbo\Desktop\test2", 
"State": "active", 
"TotalFilesToCopy": 31, 
"TotalFilesSize": 58577, 
"NbFilesLeftToDo": 5 
"Progression": 83,87096774193549 
}
{
"Name": "tahsin", 
"SourceDir": "C:\Users\cimbo\Desktop\test", 
"TargetDir": "C:\Users\cimbo\Desktop\test2", 
"State": "active", 
"TotalFilesToCopy": 31, 
"TotalFilesSize": 58577, 
"NbFilesLeftToDo": 4 
"Progression": 87,09677419354838 
}
{
"Name": "tahsin", 
"SourceDir": "C:\Users\cimbo\Desktop\test", 
"TargetDir": "C:\Users\cimbo\Desktop\test2", 
"State": "active", 
"TotalFilesToCopy": 31, 
"TotalFilesSize": 58577, 
"NbFilesLeftToDo": 3 
"Progression": 90,3225806451613 
}
{
"Name": "tahsin", 
"SourceDir": "C:\Users\cimbo\Desktop\test", 
"TargetDir": "C:\Users\cimbo\Desktop\test2", 
"State": "active", 
"TotalFilesToCopy": 31, 
"TotalFilesSize": 58577, 
"NbFilesLeftToDo": 2 
"Progression": 93,54838709677419 
}
{
"Name": "tahsin", 
"SourceDir": "C:\Users\cimbo\Desktop\test", 
"TargetDir": "C:\Users\cimbo\Desktop\test2", 
"State": "active", 
"TotalFilesToCopy": 31, 
"TotalFilesSize": 58577, 
"NbFilesLeftToDo": 1 
"Progression": 96,7741935483871 
}
{
"Name": "tahsin", 
"SourceDir": "C:\Users\cimbo\Desktop\test", 
"TargetDir": "C:\Users\cimbo\Desktop\test2", 
"State": "ended", 
"TotalFilesToCopy": 31, 
"TotalFilesSize": 58577, 
"NbFilesLeftToDo": 0 
"Progression": 100 
}
{
"Name": "tahsin", 
"SourceDir": "C:\Users\cimbo\Desktop\test", 
"TargetDir": "C:\Users\cimbo\Desktop\test2", 
"State": "active", 
"TotalFilesToCopy": 31, 
"TotalFilesSize": 58577, 
"NbFilesLeftToDo": 30 
"Progression": 3,225806451612897 
}
{
"Name": "tahsin", 
"SourceDir": "C:\Users\cimbo\Desktop\test", 
"TargetDir": "C:\Users\cimbo\Desktop\test2", 
"State": "active", 
"TotalFilesToCopy": 31, 
"TotalFilesSize": 58577, 
"NbFilesLeftToDo": 29 
"Progression": 6,451612903225808 
}
{
"Name": "tahsin", 
"SourceDir": "C:\Users\cimbo\Desktop\test", 
"TargetDir": "C:\Users\cimbo\Desktop\test2", 
"State": "active", 
"TotalFilesToCopy": 31, 
"TotalFilesSize": 58577, 
"NbFilesLeftToDo": 28 
"Progression": 9,677419354838719 
}
{
"Name": "tahsin", 
"SourceDir": "C:\Users\cimbo\Desktop\test", 
"TargetDir": "C:\Users\cimbo\Desktop\test2", 
"State": "active", 
"TotalFilesToCopy": 31, 
"TotalFilesSize": 58577, 
"NbFilesLeftToDo": 27 
"Progression": 12,903225806451616 
}
{
"Name": "tahsin", 
"SourceDir": "C:\Users\cimbo\Desktop\test", 
"TargetDir": "C:\Users\cimbo\Desktop\test2", 
"State": "active", 
"TotalFilesToCopy": 31, 
"TotalFilesSize": 58577, 
"NbFilesLeftToDo": 26 
"Progression": 16,129032258064512 
}
{
"Name": "tahsin", 
"SourceDir": "C:\Users\cimbo\Desktop\test", 
"TargetDir": "C:\Users\cimbo\Desktop\test2", 
"State": "active", 
"TotalFilesToCopy": 31, 
"TotalFilesSize": 58577, 
"NbFilesLeftToDo": 25 
"Progression": 19,354838709677423 
}
{
"Name": "tahsin", 
"SourceDir": "C:\Users\cimbo\Desktop\test", 
"TargetDir": "C:\Users\cimbo\Desktop\test2", 
"State": "active", 
"TotalFilesToCopy": 31, 
"TotalFilesSize": 58577, 
"NbFilesLeftToDo": 24 
"Progression": 22,58064516129032 
}
{
"Name": "tahsin", 
"SourceDir": "C:\Users\cimbo\Desktop\test", 
"TargetDir": "C:\Users\cimbo\Desktop\test2", 
"State": "active", 
"TotalFilesToCopy": 31, 
"TotalFilesSize": 58577, 
"NbFilesLeftToDo": 23 
"Progression": 25,80645161290323 
}
{
"Name": "tahsin", 
"SourceDir": "C:\Users\cimbo\Desktop\test", 
"TargetDir": "C:\Users\cimbo\Desktop\test2", 
"State": "active", 
"TotalFilesToCopy": 31, 
"TotalFilesSize": 58577, 
"NbFilesLeftToDo": 22 
"Progression": 29,032258064516128 
}
{
"Name": "tahsin", 
"SourceDir": "C:\Users\cimbo\Desktop\test", 
"TargetDir": "C:\Users\cimbo\Desktop\test2", 
"State": "active", 
"TotalFilesToCopy": 31, 
"TotalFilesSize": 58577, 
"NbFilesLeftToDo": 21 
"Progression": 32,25806451612904 
}
{
"Name": "tahsin", 
"SourceDir": "C:\Users\cimbo\Desktop\test", 
"TargetDir": "C:\Users\cimbo\Desktop\test2", 
"State": "active", 
"TotalFilesToCopy": 31, 
"TotalFilesSize": 58577, 
"NbFilesLeftToDo": 20 
"Progression": 35,483870967741936 
}
{
"Name": "tahsin", 
"SourceDir": "C:\Users\cimbo\Desktop\test", 
"TargetDir": "C:\Users\cimbo\Desktop\test2", 
"State": "active", 
"TotalFilesToCopy": 31, 
"TotalFilesSize": 58577, 
"NbFilesLeftToDo": 19 
"Progression": 38,70967741935484 
}
{
"Name": "tahsin", 
"SourceDir": "C:\Users\cimbo\Desktop\test", 
"TargetDir": "C:\Users\cimbo\Desktop\test2", 
"State": "active", 
"TotalFilesToCopy": 31, 
"TotalFilesSize": 58577, 
"NbFilesLeftToDo": 18 
"Progression": 41,93548387096774 
}
{
"Name": "tahsin", 
"SourceDir": "C:\Users\cimbo\Desktop\test", 
"TargetDir": "C:\Users\cimbo\Desktop\test2", 
"State": "active", 
"TotalFilesToCopy": 31, 
"TotalFilesSize": 58577, 
"NbFilesLeftToDo": 17 
"Progression": 45,16129032258065 
}
{
"Name": "tahsin", 
"SourceDir": "C:\Users\cimbo\Desktop\test", 
"TargetDir": "C:\Users\cimbo\Desktop\test2", 
"State": "active", 
"TotalFilesToCopy": 31, 
"TotalFilesSize": 58577, 
"NbFilesLeftToDo": 16 
"Progression": 48,38709677419355 
}
{
"Name": "tahsin", 
"SourceDir": "C:\Users\cimbo\Desktop\test", 
"TargetDir": "C:\Users\cimbo\Desktop\test2", 
"State": "active", 
"TotalFilesToCopy": 31, 
"TotalFilesSize": 58577, 
"NbFilesLeftToDo": 15 
"Progression": 51,61290322580645 
}
{
"Name": "tahsin", 
"SourceDir": "C:\Users\cimbo\Desktop\test", 
"TargetDir": "C:\Users\cimbo\Desktop\test2", 
"State": "active", 
"TotalFilesToCopy": 31, 
"TotalFilesSize": 58577, 
"NbFilesLeftToDo": 14 
"Progression": 54,83870967741936 
}
{
"Name": "tahsin", 
"SourceDir": "C:\Users\cimbo\Desktop\test", 
"TargetDir": "C:\Users\cimbo\Desktop\test2", 
"State": "active", 
"TotalFilesToCopy": 31, 
"TotalFilesSize": 58577, 
"NbFilesLeftToDo": 13 
"Progression": 58,064516129032256 
}
{
"Name": "tahsin", 
"SourceDir": "C:\Users\cimbo\Desktop\test", 
"TargetDir": "C:\Users\cimbo\Desktop\test2", 
"State": "active", 
"TotalFilesToCopy": 31, 
"TotalFilesSize": 58577, 
"NbFilesLeftToDo": 12 
"Progression": 61,29032258064516 
}
{
"Name": "tahsin", 
"SourceDir": "C:\Users\cimbo\Desktop\test", 
"TargetDir": "C:\Users\cimbo\Desktop\test2", 
"State": "active", 
"TotalFilesToCopy": 31, 
"TotalFilesSize": 58577, 
"NbFilesLeftToDo": 11 
"Progression": 64,51612903225806 
}
{
"Name": "tahsin", 
"SourceDir": "C:\Users\cimbo\Desktop\test", 
"TargetDir": "C:\Users\cimbo\Desktop\test2", 
"State": "active", 
"TotalFilesToCopy": 31, 
"TotalFilesSize": 58577, 
"NbFilesLeftToDo": 10 
"Progression": 67,74193548387098 
}
{
"Name": "tahsin", 
"SourceDir": "C:\Users\cimbo\Desktop\test", 
"TargetDir": "C:\Users\cimbo\Desktop\test2", 
"State": "active", 
"TotalFilesToCopy": 31, 
"TotalFilesSize": 58577, 
"NbFilesLeftToDo": 9 
"Progression": 70,96774193548387 
}
{
"Name": "tahsin", 
"SourceDir": "C:\Users\cimbo\Desktop\test", 
"TargetDir": "C:\Users\cimbo\Desktop\test2", 
"State": "active", 
"TotalFilesToCopy": 31, 
"TotalFilesSize": 58577, 
"NbFilesLeftToDo": 8 
"Progression": 74,19354838709677 
}
{
"Name": "tahsin", 
"SourceDir": "C:\Users\cimbo\Desktop\test", 
"TargetDir": "C:\Users\cimbo\Desktop\test2", 
"State": "active", 
"TotalFilesToCopy": 31, 
"TotalFilesSize": 58577, 
"NbFilesLeftToDo": 7 
"Progression": 77,41935483870968 
}
{
"Name": "tahsin", 
"SourceDir": "C:\Users\cimbo\Desktop\test", 
"TargetDir": "C:\Users\cimbo\Desktop\test2", 
"State": "active", 
"TotalFilesToCopy": 31, 
"TotalFilesSize": 58577, 
"NbFilesLeftToDo": 6 
"Progression": 80,64516129032258 
}
{
"Name": "tahsin", 
"SourceDir": "C:\Users\cimbo\Desktop\test", 
"TargetDir": "C:\Users\cimbo\Desktop\test2", 
"State": "active", 
"TotalFilesToCopy": 31, 
"TotalFilesSize": 58577, 
"NbFilesLeftToDo": 5 
"Progression": 83,87096774193549 
}
{
"Name": "tahsin", 
"SourceDir": "C:\Users\cimbo\Desktop\test", 
"TargetDir": "C:\Users\cimbo\Desktop\test2", 
"State": "active", 
"TotalFilesToCopy": 31, 
"TotalFilesSize": 58577, 
"NbFilesLeftToDo": 4 
"Progression": 87,09677419354838 
}
{
"Name": "tahsin", 
"SourceDir": "C:\Users\cimbo\Desktop\test", 
"TargetDir": "C:\Users\cimbo\Desktop\test2", 
"State": "active", 
"TotalFilesToCopy": 31, 
"TotalFilesSize": 58577, 
"NbFilesLeftToDo": 3 
"Progression": 90,3225806451613 
}
{
"Name": "tahsin", 
"SourceDir": "C:\Users\cimbo\Desktop\test", 
"TargetDir": "C:\Users\cimbo\Desktop\test2", 
"State": "active", 
"TotalFilesToCopy": 31, 
"TotalFilesSize": 58577, 
"NbFilesLeftToDo": 2 
"Progression": 93,54838709677419 
}
{
"Name": "tahsin", 
"SourceDir": "C:\Users\cimbo\Desktop\test", 
"TargetDir": "C:\Users\cimbo\Desktop\test2", 
"State": "active", 
"TotalFilesToCopy": 31, 
"TotalFilesSize": 58577, 
"NbFilesLeftToDo": 1 
"Progression": 96,7741935483871 
}
